cohort,level,variable,label_3class,label_3class_name,total_n,n,missing_or_invalid_n,unique_n,min,p1,p5,p25,median,p75,p95,p99,max,mean,std,iqr,mad,mode,mode_proportion
all_exif_522,image,ExposureTime,0.0,normal,115,115,0,7,0.009036,0.010002,0.0100027,0.020004,0.020004,0.030006,0.040008,0.040008,0.050009,0.023474591304347835,0.007857436900624288,0.010002,0.0,0.020004,0.5478260869565217
all_exif_522,image,FNumber,0.0,normal,115,115,0,1,1.89,1.89,1.89,1.89,1.89,1.89,1.89,1.89,1.89,1.89,5.35239260126032e-15,0.0,0.0,1.89,1.0
all_exif_522,image,ISOSpeedRatings,0.0,normal,115,115,0,92,50.0,57.7,73.4,128.0,176.0,235.0,456.0,602.28,1115.0,207.36521739130436,137.51620832282796,107.0,55.0,128.0,0.02608695652173913
all_exif_522,image,BrightnessValue,0.0,normal,115,115,0,46,4.3,5.014,5.61,6.85,7.7,8.350000000000001,9.559999999999999,10.486,10.8,7.58086956521739,1.2344396876666965,1.5000000000000018,0.7999999999999998,7.2,0.05217391304347826
all_exif_522,image,log2_exposure_time,0.0,normal,115,115,0,7,-6.79010001393109,-6.643567679616601,-6.643466716204508,-5.643567679616601,-5.643567679616601,-5.058605178895445,-4.643567679616601,-4.643567679616601,-4.321668433148858,-5.496655609160431,0.5089397722419061,0.5849625007211561,0.0,-5.643567679616601,0.5478260869565217
all_exif_522,image,log2_iso_gain,0.0,normal,115,115,0,92,-1.0,-0.7939832941388845,-0.44626133340176616,0.35614381022527536,0.8155754288625726,1.2326476946978981,2.189033824390017,2.5844495122764806,3.4789718050329426,0.8290493715852636,0.7814535503138975,0.8765038844726227,0.42931163026096175,0.35614381022527536,0.02608695652173913
all_exif_522,image,log2_fnumber,0.0,normal,115,115,0,1,0.9183862344463479,0.9183862344463479,0.9183862344463479,0.9183862344463479,0.9183862344463479,0.9183862344463479,0.9183862344463479,0.9183862344463479,0.9183862344463479,0.918386234446348,2.0071472254726204e-15,0.0,0.0,0.9183862344463479,1.0
all_exif_522,image,aperture_value_from_f,0.0,normal,115,115,0,1,1.8367724688926959,1.8367724688926959,1.8367724688926959,1.8367724688926959,1.8367724688926959,1.8367724688926959,1.8367724688926959,1.8367724688926959,1.8367724688926959,1.836772468892696,4.014294450945241e-15,0.0,0.0,1.8367724688926959,1.0
all_exif_522,image,time_value_from_t,0.0,normal,115,115,0,7,4.321668433148858,4.643567679616601,4.643567679616601,5.058605178895445,5.643567679616601,5.643567679616601,6.643466716204508,6.643567679616601,6.79010001393109,5.496655609160431,0.5089397722419061,0.5849625007211561,0.0,5.643567679616601,0.5478260869565217
all_exif_522,image,EV100,0.0,normal,115,115,0,7,6.158440902041554,6.480340148509297,6.480340148509297,6.895377647788141,7.480340148509297,7.480340148509297,8.480239185097204,8.480340148509297,8.626872482823785,7.333428078053127,0.5089397722419058,0.5849625007211561,0.0,7.480340148509297,0.5478260869565217
all_exif_522,image,relative_optical_exposure,0.0,normal,115,115,0,7,-8.626872482823785,-8.480340148509297,-8.480239185097204,-7.480340148509297,-7.480340148509297,-6.895377647788141,-6.480340148509297,-6.480340148509297,-6.158440902041554,-7.333428078053127,0.5089397722419058,0.5849625007211561,0.0,-7.480340148509297,0.5478260869565217
all_exif_522,image,combined_exposure_gain,0.0,normal,115,115,0,100,-9.626872482823785,-9.274179209202334,-8.530638048028909,-7.223342158825791,-6.539233837562866,-5.797782602655216,-4.3136247035428745,-3.899321331124028,-2.6794690970086115,-6.504378706467864,1.2179704923981838,1.4255595561705752,0.7023194513593154,-7.124196338284022,0.02608695652173913
all_exif_522,image,sensitivity_value,0.0,normal,115,115,0,92,4.0,4.206016705861115,4.553738666598234,5.356143810225276,5.815575428862573,6.2326476946978975,7.189033824390017,7.58444951227648,8.478971805032943,5.829049371585264,0.7814535503138976,0.8765038844726218,0.42931163026096186,5.356143810225276,0.02608695652173913
all_exif_522,image,brightness_apex_pred,0.0,normal,115,115,0,100,-2.320530902991389,-1.100678668875972,-0.6863752964571246,0.797782602655217,1.5392338375628656,2.2233421588257913,3.5306380480289095,4.274179209202334,4.626872482823785,1.5043787064678642,1.2179704923981838,1.4255595561705743,0.7023194513593154,2.1241963382840217,0.02608695652173913
all_exif_522,image,brightness_residual,0.0,normal,115,115,0,109,3.3977317566033403,3.6690666098324773,5.666012338019981,6.022709936172376,6.170157098574836,6.312306338313598,6.467872155273332,6.63950190049215,6.6552837612214235,6.076490858749527,0.5269052863393727,0.28959640214122206,0.14744716240246003,6.004622352211859,0.017391304347826087
all_exif_522,image,device_centered_brightness,0.0,normal,115,115,0,46,-1.823529411764705,-1.4035294117647052,-1.0529411764705876,-0.32352941176470584,0.1764705882352939,0.5588235294117645,1.2705882352941162,1.8152941176470574,1.999999999999999,0.10639386189258285,0.7261409927451152,0.8823529411764703,0.4705882352941172,-0.11764705882352944,0.05217391304347826
all_exif_522,image,ExposureTime,1.0,mild,259,259,0,30,0.0035714285714285713,0.004137123745819398,0.006625000000000001,0.01,0.02,0.030006,0.04,0.040008,0.050009,0.019844500772116375,0.009726249626115248,0.020006000000000003,0.01,0.01,0.24324324324324326
all_exif_522,image,FNumber,1.0,mild,259,259,0,3,1.89,1.89,1.89,1.89,1.9,1.9,1.9,2.0,2.0,1.901003861003861,0.021398670187889324,0.010000000000000009,0.0,1.9,0.6332046332046332
all_exif_522,image,ISOSpeedRatings,1.0,mild,259,259,0,95,50.0,50.0,80.0,168.5,254.0,400.0,883.8999999999993,1250.0,1250.0,347.74517374517376,259.98548842528345,231.5,129.0,400.0,0.10424710424710425
all_exif_522,image,BrightnessValue,1.0,mild,259,259,0,197,-2.67,-2.2966,-1.565,-0.275,1.52,6.4,8.8,10.141999999999998,10.9,2.693629343629344,3.527703421203775,6.675000000000001,2.24,6.6,0.023166023166023165
all_exif_522,image,log2_exposure_time,1.0,mild,259,259,0,30,-8.129283016944967,-7.9197787110196884,-7.2381296309350285,-6.643856189774724,-5.643856189774724,-5.058605178895445,-4.643856189774724,-4.643567679616601,-4.321668433148858,-5.8536798040917235,0.8003780703479407,1.5852510108792792,0.5852510108792792,-6.643856189774724,0.24324324324324326
all_exif_522,image,log2_iso_gain,1.0,mild,259,259,0,95,-1.0,-1.0,-0.3219280948873623,0.7527422397557475,1.3448284969974411,2.0,3.142598256430461,3.643856189774725,3.643856189774725,1.439379990604405,1.0383853445710587,1.2472577602442525,0.6551715030025589,2.0,0.10424710424710425
all_exif_522,image,log2_fnumber,1.0,mild,259,259,0,3,0.9183862344463479,0.9183862344463479,0.9183862344463479,0.9183862344463479,0.925999418556223,0.925999418556223,0.925999418556223,1.0,1.0,0.9266731596012117,0.01587109746633124,0.007613184109875104,0.0,0.925999418556223,0.6332046332046332
all_exif_522,image,aperture_value_from_f,1.0,mild,259,259,0,3,1.8367724688926959,1.8367724688926959,1.8367724688926959,1.8367724688926959,1.851998837112446,1.851998837112446,1.851998837112446,2.0,2.0,1.8533463192024233,0.03174219493266248,0.015226368219750208,0.0,1.851998837112446,0.6332046332046332
all_exif_522,image,time_value_from_t,1.0,mild,259,259,0,30,4.321668433148858,4.643567679616601,4.643856189774724,5.058605178895445,5.643856189774724,6.643856189774724,7.2381296309350285,7.919778711019686,8.129283016944967,5.8536798040917235,0.8003780703479407,1.5852510108792792,0.5852510108792792,6.643856189774724,0.24324324324324326
all_exif_522,image,EV100,1.0,mild,259,259,0,32,6.158440902041554,6.480340148509297,6.643856189774724,6.8963929564708994,7.49585502688717,8.49585502688717,9.090128468047475,9.771777548132132,9.981281854057414,7.707026123294147,0.79639371121019,1.599462070416271,0.6004773790990292,8.49585502688717,0.24324324324324326
all_exif_522,image,relative_optical_exposure,1.0,mild,259,259,0,32,-9.981281854057414,-9.771777548132134,-9.090128468047475,-8.49585502688717,-7.49585502688717,-6.8963929564708994,-6.643856189774724,-6.480340148509297,-6.158440902041554,-7.707026123294147,0.79639371121019,1.599462070416271,0.6004773790990292,-8.49585502688717,0.24324324324324326
all_exif_522,image,combined_exposure_gain,1.0,mild,259,259,0,135,-9.758889432720965,-9.525418544601557,-8.880352739722625,-7.226316609669727,-6.173926931999808,-5.2678388067854165,-4.027225450747251,-3.313512551229786,-2.7228123079894635,-6.267646132689743,1.460194529209284,1.9584778028843104,1.0,-5.49585502688717,0.06563706563706563
all_exif_522,image,sensitivity_value,1.0,mild,259,259,0,95,4.0,4.0,4.678071905112637,5.752742239755747,6.344828496997441,7.0,8.14259825643046,8.643856189774725,8.643856189774725,6.4393799906044045,1.038385344571059,1.2472577602442527,0.6551715030025589,7.0,0.10424710424710425
all_exif_522,image,brightness_apex_pred,1.0,mild,259,259,0,135,-2.2771876920105365,-1.6864874487702153,-0.9727745492527499,0.26783880678541605,1.1739269319998078,2.2263166096697273,3.8803527397226247,4.525418544601557,4.758889432720965,1.2676461326897426,1.4601945292092844,1.9584778028843113,1.0,0.4958550268871704,0.06563706563706563
all_exif_522,image,brightness_residual,1.0,mild,259,259,0,219,-1.527783121774533,-1.3347929564708996,-1.057783121774533,-0.9377831217745326,-0.8058550268871705,6.0488399264483865,6.351696209057368,6.571665815917056,6.908693675880719,1.4259832109396011,3.3257298440630136,6.986623048222919,0.1919280948873625,-0.8939269319998078,0.019305019305019305
all_exif_522,image,device_centered_brightness,1.0,mild,259,259,0,197,-2.1176470588235285,-1.4858064516129035,-1.1586608837083219,-0.5365952832746002,-0.09216589861751155,0.45622119815668205,1.228110599078341,1.7764326375711565,2.2442396313364052,-0.04387561476203391,0.7582945000459643,0.9928164814312822,0.5039306044998638,-0.47058823529411775,0.023166023166023165
all_exif_522,image,ExposureTime,2.0,severe,148,148,0,20,0.0022222222222222222,0.0031726829268292683,0.007335164835164836,0.01,0.02,0.020004,0.030303030303030304,0.040008,0.040008,0.017787168108612854,0.008348455884976427,0.010004,0.01,0.01,0.3108108108108108
all_exif_522,image,FNumber,2.0,severe,148,148,0,3,1.89,1.89,1.89,1.89,1.9,1.9,1.9,1.9,2.0,1.8979729729729733,0.009544700382255066,0.010000000000000009,0.0,1.9,0.722972972972973
all_exif_522,image,ISOSpeedRatings,2.0,severe,148,148,0,53,50.0,50.0,67.85000000000001,178.25,250.0,400.0,800.0,1000.0,1600.0,336.0810810810811,249.08850197572428,221.75,120.0,320.0,0.12162162162162163
all_exif_522,image,BrightnessValue,2.0,severe,148,148,0,124,-2.35,-1.9513,-1.4689999999999999,-0.0325,1.365,5.75,8.395000000000001,9.306000000000001,9.8,2.4824324324324323,3.28292813998027,5.7825,2.045,7.2,0.04054054054054054
all_exif_522,image,log2_exposure_time,2.0,severe,148,148,0,20,-8.813781191217037,-8.344043066529068,-7.0918626955741875,-6.643856189774724,-5.643856189774724,-5.643567679616601,-5.044394119358453,-4.643567679616601,-4.643567679616601,-5.993463143583337,0.7681848880566365,1.0002885101581231,0.5852510108792792,-6.643856189774724,0.3108108108108108
all_exif_522,image,log2_iso_gain,2.0,severe,148,148,0,53,-1.0,-1.0,-0.5637696481011663,0.8333759595721049,1.3219280948873624,2.0,3.0,3.321928094887362,4.0,1.3826018990545565,1.0618211355421496,1.1666240404278951,0.6438561897747247,1.6780719051126378,0.12162162162162163
all_exif_522,image,log2_fnumber,2.0,severe,148,148,0,3,0.9183862344463479,0.9183862344463479,0.9183862344463479,0.9183862344463479,0.925999418556223,0.925999418556223,0.925999418556223,0.925999418556223,1.0,0.9244418051579039,0.007112046568574446,0.007613184109875104,0.0,0.925999418556223,0.722972972972973
all_exif_522,image,aperture_value_from_f,2.0,severe,148,148,0,3,1.8367724688926959,1.8367724688926959,1.8367724688926959,1.8367724688926959,1.851998837112446,1.851998837112446,1.851998837112446,1.851998837112446,2.0,1.8488836103158077,0.014224093137148891,0.015226368219750208,0.0,1.851998837112446,0.722972972972973
all_exif_522,image,time_value_from_t,2.0,severe,148,148,0,20,4.643567679616601,4.643567679616601,5.044394119358453,5.643567679616601,5.643856189774724,6.643856189774724,7.0918626955741875,8.344043066529068,8.813781191217037,5.993463143583337,0.7681848880566365,1.0002885101581231,0.5852510108792792,6.643856189774724,0.3108108108108108
all_exif_522,image,EV100,2.0,severe,148,148,0,21,6.480340148509297,6.480340148509297,6.895377647788141,7.480340148509297,7.49585502688717,8.49585502688717,8.943861532686633,10.196041903641513,10.665780028329483,7.842346753899146,0.7711595786086097,1.0155148783778731,0.6004773790990292,8.49585502688717,0.3108108108108108
all_exif_522,image,relative_optical_exposure,2.0,severe,148,148,0,21,-10.665780028329483,-10.196041903641513,-8.943861532686633,-8.49585502688717,-7.49585502688717,-7.480340148509297,-6.895377647788141,-6.480340148509297,-6.480340148509297,-7.842346753899146,0.7711595786086097,1.0155148783778731,0.6004773790990292,-8.49585502688717,0.3108108108108108
all_exif_522,image,combined_exposure_gain,2.0,severe,148,148,0,73,-10.261389773250148,-10.149337526589159,-9.139711216661896,-7.49585502688717,-6.49585502688717,-5.380704662207283,-4.218321051358261,-3.77798685956072,-3.5744648615835373,-6.459744854844589,1.4674724925784062,2.115150364679887,1.0,-6.49585502688717,0.08783783783783784
all_exif_522,image,sensitivity_value,2.0,severe,148,148,0,53,4.0,4.0,4.436230351898834,5.833375959572105,6.321928094887363,7.0,8.0,8.321928094887362,9.0,6.382601899054556,1.0618211355421503,1.1666240404278954,0.6438561897747253,6.678071905112637,0.12162162162162163
all_exif_522,image,brightness_apex_pred,2.0,severe,148,148,0,73,-1.4255351384164623,-1.2220131404392798,-0.7816789486417379,0.3807046622072836,1.4958550268871704,2.4958550268871704,4.139711216661895,5.149337526589159,5.261389773250148,1.4597448548445888,1.4674724925784062,2.115150364679887,1.0,1.4958550268871704,0.08783783783783784
all_exif_522,image,brightness_residual,2.0,severe,148,148,0,126,-1.3508175276083265,-1.1824550268871705,-1.0317679157417194,-0.9418940878139239,-0.8158550268871705,5.760688961590204,6.230969986201128,6.441060559913223,6.485194597853679,1.022687577587844,3.0947403172183603,6.702583049404128,0.14500000000000002,-0.9839269319998079,0.02702702702702703
all_exif_522,image,device_centered_brightness,2.0,severe,148,148,0,123,-1.4117647058823524,-1.276036866359447,-1.0419354838709676,-0.5306993765248034,0.0023041474654377646,0.45622119815668205,1.3663594470046085,1.678571428571429,1.8755760368663597,0.029697493644362673,0.7216451016257913,0.9869205746814854,0.47262130658715107,-0.11764705882352944,0.04054054054054054
all_exif_522,patient_group_median,ExposureTime,0.0,normal,115,115,0,7,0.009036,0.010002,0.0100027,0.020004,0.020004,0.030006,0.040008,0.040008,0.050009,0.023474591304347828,0.007857436900624288,0.010002,0.0,0.020004,0.5478260869565217
all_exif_522,patient_group_median,FNumber,0.0,normal,115,115,0,1,1.89,1.89,1.89,1.89,1.89,1.89,1.89,1.89,1.89,1.89,5.35239260126032e-15,0.0,0.0,1.89,1.0
all_exif_522,patient_group_median,ISOSpeedRatings,0.0,normal,115,115,0,92,50.0,57.7,73.4,128.0,176.0,235.0,456.0,602.28,1115.0,207.36521739130436,137.51620832282796,107.0,55.0,128.0,0.02608695652173913
all_exif_522,patient_group_median,BrightnessValue,0.0,normal,115,115,0,46,4.3,5.014,5.61,6.85,7.7,8.350000000000001,9.559999999999999,10.486,10.8,7.580869565217393,1.2344396876666968,1.5000000000000018,0.7999999999999998,7.2,0.05217391304347826
all_exif_522,patient_group_median,log2_exposure_time,0.0,normal,115,115,0,7,-6.79010001393109,-6.643567679616601,-6.643466716204508,-5.643567679616601,-5.643567679616601,-5.058605178895445,-4.643567679616601,-4.643567679616601,-4.321668433148858,-5.49665560916043,0.5089397722419061,0.5849625007211561,0.0,-5.643567679616601,0.5478260869565217
all_exif_522,patient_group_median,log2_iso_gain,0.0,normal,115,115,0,92,-1.0,-0.7939832941388845,-0.44626133340176616,0.35614381022527536,0.8155754288625726,1.2326476946978981,2.189033824390017,2.5844495122764806,3.4789718050329426,0.8290493715852637,0.7814535503138974,0.8765038844726227,0.42931163026096175,0.35614381022527536,0.02608695652173913
all_exif_522,patient_group_median,log2_fnumber,0.0,normal,115,115,0,1,0.9183862344463479,0.9183862344463479,0.9183862344463479,0.9183862344463479,0.9183862344463479,0.9183862344463479,0.9183862344463479,0.9183862344463479,0.9183862344463479,0.918386234446348,2.0071472254726204e-15,0.0,0.0,0.9183862344463479,1.0
all_exif_522,patient_group_median,aperture_value_from_f,0.0,normal,115,115,0,1,1.8367724688926959,1.8367724688926959,1.8367724688926959,1.8367724688926959,1.8367724688926959,1.8367724688926959,1.8367724688926959,1.8367724688926959,1.8367724688926959,1.836772468892696,4.014294450945241e-15,0.0,0.0,1.8367724688926959,1.0
all_exif_522,patient_group_median,time_value_from_t,0.0,normal,115,115,0,7,4.321668433148858,4.643567679616601,4.643567679616601,5.058605178895445,5.643567679616601,5.643567679616601,6.643466716204508,6.643567679616601,6.79010001393109,5.49665560916043,0.5089397722419061,0.5849625007211561,0.0,5.643567679616601,0.5478260869565217
all_exif_522,patient_group_median,EV100,0.0,normal,115,115,0,7,6.158440902041554,6.480340148509297,6.480340148509297,6.895377647788141,7.480340148509297,7.480340148509297,8.480239185097204,8.480340148509297,8.626872482823785,7.333428078053129,0.5089397722419056,0.5849625007211561,0.0,7.480340148509297,0.5478260869565217
all_exif_522,patient_group_median,relative_optical_exposure,0.0,normal,115,115,0,7,-8.626872482823785,-8.480340148509297,-8.480239185097204,-7.480340148509297,-7.480340148509297,-6.895377647788141,-6.480340148509297,-6.480340148509297,-6.158440902041554,-7.333428078053129,0.5089397722419056,0.5849625007211561,0.0,-7.480340148509297,0.5478260869565217
all_exif_522,patient_group_median,combined_exposure_gain,0.0,normal,115,115,0,100,-9.626872482823785,-9.274179209202334,-8.530638048028909,-7.223342158825791,-6.539233837562866,-5.797782602655216,-4.3136247035428745,-3.899321331124028,-2.6794690970086115,-6.504378706467865,1.2179704923981844,1.4255595561705752,0.7023194513593154,-7.124196338284022,0.02608695652173913
all_exif_522,patient_group_median,sensitivity_value,0.0,normal,115,115,0,92,4.0,4.206016705861115,4.553738666598234,5.356143810225276,5.815575428862573,6.2326476946978975,7.189033824390017,7.58444951227648,8.478971805032943,5.829049371585264,0.7814535503138974,0.8765038844726218,0.42931163026096186,5.356143810225276,0.02608695652173913
all_exif_522,patient_group_median,brightness_apex_pred,0.0,normal,115,115,0,100,-2.320530902991389,-1.100678668875972,-0.6863752964571246,0.797782602655217,1.5392338375628656,2.2233421588257913,3.5306380480289095,4.274179209202334,4.626872482823785,1.5043787064678642,1.2179704923981842,1.4255595561705743,0.7023194513593154,2.1241963382840217,0.02608695652173913
all_exif_522,patient_group_median,brightness_residual,0.0,normal,115,115,0,109,3.3977317566033403,3.6690666098324773,5.666012338019981,6.022709936172376,6.170157098574836,6.312306338313598,6.467872155273332,6.63950190049215,6.6552837612214235,6.076490858749527,0.5269052863393728,0.28959640214122206,0.14744716240246003,6.004622352211859,0.017391304347826087
all_exif_522,patient_group_median,device_centered_brightness,0.0,normal,115,115,0,46,-1.823529411764705,-1.4035294117647052,-1.0529411764705876,-0.32352941176470584,0.1764705882352939,0.5588235294117645,1.2705882352941162,1.8152941176470574,1.999999999999999,0.10639386189258285,0.7261409927451152,0.8823529411764703,0.4705882352941172,-0.11764705882352944,0.05217391304347826
all_exif_522,patient_group_median,ExposureTime,1.0,mild,244,244,0,33,0.0035714285714285713,0.004347826086956522,0.0067051282051282055,0.01,0.02,0.030006,0.04,0.040008,0.050009,0.020161113830205805,0.009802797337615571,0.020006000000000003,0.01,0.01,0.22540983606557377
all_exif_522,patient_group_median,FNumber,1.0,mild,244,244,0,5,1.89,1.89,1.89,1.89,1.9,1.9,1.9,2.0,2.0,1.9009221311475406,0.02132614852891583,0.010000000000000009,0.0,1.9,0.6147540983606558
all_exif_522,patient_group_median,ISOSpeedRatings,1.0,mild,244,244,0,97,50.0,50.0,80.0,167.75,265.75,410.25,980.6499999999993,1250.0,1250.0,352.99795081967216,264.62136354641945,242.5,134.25,400.0,0.09836065573770492
all_exif_522,patient_group_median,BrightnessValue,1.0,mild,244,244,0,185,-2.67,-2.3311,-1.6025,-0.2725,1.57,6.5,8.8,10.156999999999998,10.9,2.755512295081967,3.5671082921253516,6.7725,2.435,6.6,0.02459016393442623
all_exif_522,patient_group_median,log2_exposure_time,1.0,mild,244,244,0,33,-8.129283016944967,-7.845490050944375,-7.307961684228641,-6.643856189774724,-5.643856189774724,-5.058605178895445,-4.643856189774724,-4.643567679616601,-4.321668433148858,-5.831119262279182,0.8011151200099446,1.5852510108792792,0.5852510108792792,-6.643856189774724,0.22540983606557377
all_exif_522,patient_group_median,log2_iso_gain,1.0,mild,244,244,0,97,-1.0,-1.0,-0.3219280948873623,0.7463079504278585,1.4087093027011508,2.0364387100650627,3.2920397884778776,3.643856189774725,3.643856189774725,1.455350676027768,1.0465934896365283,1.2901307596372042,0.6602480696971152,2.0,0.09836065573770492
all_exif_522,patient_group_median,log2_fnumber,1.0,mild,244,244,0,5,0.9183862344463479,0.9183862344463479,0.9183862344463479,0.9183862344463479,0.925999418556223,0.925999418556223,0.925999418556223,1.0,1.0,0.9266097399336616,0.015818706828543597,0.007613184109875104,0.0,0.925999418556223,0.6147540983606558
all_exif_522,patient_group_median,aperture_value_from_f,1.0,mild,244,244,0,5,1.8367724688926959,1.8367724688926959,1.8367724688926959,1.8367724688926959,1.851998837112446,1.851998837112446,1.851998837112446,2.0,2.0,1.8532194798673232,0.03163741365708719,0.015226368219750208,0.0,1.851998837112446,0.6147540983606558
all_exif_522,patient_group_median,time_value_from_t,1.0,mild,244,244,0,33,4.321668433148858,4.643567679616601,4.643856189774724,5.058605178895445,5.643856189774724,6.643856189774724,7.30796168422864,7.845490050944375,8.129283016944967,5.831119262279182,0.8011151200099446,1.5852510108792792,0.5852510108792792,6.643856189774724,0.22540983606557377
all_exif_522,patient_group_median,EV100,1.0,mild,244,244,0,35,6.158440902041554,6.480340148509297,6.643856189774724,6.8963929564708994,7.49585502688717,8.49585502688717,9.159960521341086,9.69748888805682,9.981281854057414,7.6843387421465055,0.7972785066192248,1.599462070416271,0.6004773790990292,8.49585502688717,0.22540983606557377
all_exif_522,patient_group_median,relative_optical_exposure,1.0,mild,244,244,0,35,-9.981281854057414,-9.69748888805682,-9.159960521341086,-8.49585502688717,-7.49585502688717,-6.8963929564708994,-6.643856189774724,-6.480340148509297,-6.158440902041554,-7.6843387421465055,0.7972785066192248,1.599462070416271,0.6004773790990292,-8.49585502688717,0.22540983606557377
all_exif_522,patient_group_median,combined_exposure_gain,1.0,mild,244,244,0,136,-9.715772987412716,-9.49585502688717,-8.817783121774532,-7.173926931999808,-6.173419277658429,-5.173926931999809,-4.0154214651656375,-3.297742951781438,-2.7228123079894635,-6.2289880661187365,1.461111464541773,1.9999999999999991,1.0005076543413791,-5.49585502688717,0.05737704918032787
all_exif_522,patient_group_median,sensitivity_value,1.0,mild,244,244,0,97,4.0,4.0,4.678071905112637,5.746307950427859,6.408709302701151,7.036438710065063,8.292039788477878,8.643856189774725,8.643856189774725,6.455350676027767,1.0465934896365288,1.2901307596372042,0.6602480696971158,7.0,0.09836065573770492
all_exif_522,patient_group_median,brightness_apex_pred,1.0,mild,244,244,0,136,-2.2771876920105365,-1.7022570482185628,-0.9845785348343626,0.1739269319998078,1.1734192776584291,2.173926931999808,3.817783121774533,4.49585502688717,4.715772987412716,1.2289880661187367,1.461111464541773,2.0,1.0005076543413787,0.4958550268871704,0.05737704918032787
all_exif_522,patient_group_median,brightness_residual,1.0,mild,244,244,0,209,-1.527783121774533,-1.313705111077056,-1.0572046933083243,-0.9339269319998078,-0.7858550268871705,6.056564932856316,6.350123944535782,6.582049963597833,6.908693675880719,1.5265242289632304,3.348806369197913,6.990491864856123,0.21403595255631902,-0.8939269319998078,0.020491803278688523
all_exif_522,patient_group_median,device_centered_brightness,1.0,mild,244,244,0,185,-2.1176470588235285,-1.4864976958525347,-1.1735023041474648,-0.5721740309026836,-0.11412306858227164,0.4539170506912442,1.2209677419354836,1.7806207644348055,2.2442396313364052,-0.05951455145781217,0.7651545905625026,1.0260910815939277,0.4989156953103822,-0.47058823529411775,0.02459016393442623
all_exif_522,patient_group_median,ExposureTime,2.0,severe,136,136,0,21,0.0022222222222222222,0.002985365853658537,0.00874125874125874,0.01,0.02,0.020004,0.030303030303030304,0.040008,0.040008,0.01797639959790694,0.008324380998796734,0.010004,0.01,0.01,0.3014705882352941
all_exif_522,patient_group_median,FNumber,2.0,severe,136,136,0,3,1.89,1.89,1.89,1.89,1.9,1.9,1.9,1.9,2.0,1.8979411764705882,0.009897073795661814,0.010000000000000009,0.0,1.9,0.7132352941176471
all_exif_522,patient_group_median,ISOSpeedRatings,2.0,severe,136,136,0,53,50.0,50.0,72.25,169.25,250.0,400.0,800.0,1000.0,1600.0,337.2720588235294,253.9888147701044,230.75,120.0,200.0,0.11029411764705882
all_exif_522,patient_group_median,BrightnessValue,2.0,severe,136,136,0,115,-2.35,-1.9765,-1.4449999999999998,0.015,1.255,5.95,8.6,9.330000000000002,9.8,2.528970588235294,3.336108962029859,5.9350000000000005,2.065,7.2,0.04411764705882353
all_exif_522,patient_group_median,log2_exposure_time,2.0,severe,136,136,0,21,-8.813781191217037,-8.42968656431027,-6.8416117384006085,-6.643856189774724,-5.643856189774724,-5.643567679616601,-5.044394119358453,-4.643567679616601,-4.643567679616601,-5.976772384427931,0.7636214077063279,1.0002885101581231,0.5852510108792792,-6.643856189774724,0.3014705882352941
all_exif_522,patient_group_median,log2_iso_gain,2.0,severe,136,136,0,52,-1.0,-1.0,-0.47224217190281403,0.7591130854470647,1.3219280948873624,2.0,3.0,3.321928094887362,4.0,1.3794097513937598,1.065919065414256,1.2408869145529353,0.6438561897747247,1.0,0.11029411764705882
all_exif_522,patient_group_median,log2_fnumber,2.0,severe,136,136,0,3,0.9183862344463479,0.9183862344463479,0.9183862344463479,0.9183862344463479,0.925999418556223,0.925999418556223,0.925999418556223,0.925999418556223,1.0,0.9244163272714329,0.0073724952260745425,0.007613184109875104,0.0,0.925999418556223,0.7132352941176471
all_exif_522,patient_group_median,aperture_value_from_f,2.0,severe,136,136,0,3,1.8367724688926959,1.8367724688926959,1.8367724688926959,1.8367724688926959,1.851998837112446,1.851998837112446,1.851998837112446,1.851998837112446,2.0,1.8488326545428657,0.014744990452149085,0.015226368219750208,0.0,1.851998837112446,0.7132352941176471
all_exif_522,patient_group_median,time_value_from_t,2.0,severe,136,136,0,21,4.643567679616601,4.643567679616601,5.044394119358453,5.643567679616601,5.643856189774724,6.643856189774724,6.8416117384006085,8.429686564310273,8.813781191217037,5.976772384427931,0.7636214077063279,1.0002885101581231,0.5852510108792792,6.643856189774724,0.3014705882352941
all_exif_522,patient_group_median,EV100,2.0,severe,136,136,0,22,6.480340148509297,6.480340148509297,6.895377647788141,7.480340148509297,7.49585502688717,8.49585502688717,8.693610575513054,10.281685401422719,10.665780028329483,7.825605038970798,0.7666189260562732,1.0155148783778731,0.6004773790990292,8.49585502688717,0.3014705882352941
all_exif_522,patient_group_median,relative_optical_exposure,2.0,severe,136,136,0,22,-10.665780028329483,-10.281685401422715,-8.693610575513054,-8.49585502688717,-7.49585502688717,-7.480340148509297,-6.895377647788141,-6.480340148509297,-6.480340148509297,-7.825605038970798,0.7666189260562732,1.0155148783778731,0.6004773790990292,-8.49585502688717,0.3014705882352941
all_exif_522,patient_group_median,combined_exposure_gain,2.0,severe,136,136,0,71,-10.261389773250148,-9.96011461337015,-9.139711216661896,-7.49585502688717,-6.49585502688717,-5.468501468167855,-4.218321051358261,-3.751177931958414,-3.5744648615835373,-6.446195287577036,1.4493784099026514,2.027353558719315,1.0,-6.49585502688717,0.08823529411764706
all_exif_522,patient_group_median,sensitivity_value,2.0,severe,136,136,0,52,4.0,4.0,4.527757828097186,5.759113085447065,6.321928094887363,7.0,8.0,8.321928094887362,9.0,6.3794097513937595,1.065919065414256,1.2408869145529353,0.6438561897747253,6.0,0.11029411764705882
all_exif_522,patient_group_median,brightness_apex_pred,2.0,severe,136,136,0,71,-1.4255351384164623,-1.2488220680415845,-0.7816789486417379,0.4685014681678552,1.4958550268871704,2.4958550268871704,4.139711216661895,4.960114613370154,5.261389773250148,1.446195287577037,1.4493784099026514,2.027353558719315,1.0,1.4958550268871704,0.08823529411764706
all_exif_522,patient_group_median,brightness_residual,2.0,severe,136,136,0,116,-1.2858550268871705,-1.0616801936765936,-1.0268423076923834,-0.9372387134779147,-0.8158550268871705,5.90829626904507,6.240471959603369,6.448268234628648,6.485194597853679,1.0827753006582572,3.1309547230580024,6.8455349825229845,0.1409640474436813,-0.9839269319998079,0.029411764705882353
all_exif_522,patient_group_median,device_centered_brightness,2.0,severe,136,136,0,114,-1.4117647058823524,-1.2926267281105992,-1.0737327188940093,-0.5294117647058822,0.0,0.44239631336405527,1.3479262672811059,1.6923963133640563,1.8755760368663597,0.02363545038508756,0.7168645148981695,0.9718080780699375,0.4634047167253994,-0.11764705882352944,0.04411764705882353
formal_global_meanbg_500,image,ExposureTime,0.0,normal,115,115,0,7,0.009036,0.010002,0.0100027,0.020004,0.020004,0.030006,0.040008,0.040008,0.050009,0.02347459130434783,0.00785743690062429,0.010002,0.0,0.020004,0.5478260869565217
formal_global_meanbg_500,image,FNumber,0.0,normal,115,115,0,1,1.89,1.89,1.89,1.89,1.89,1.89,1.89,1.89,1.89,1.89,5.35239260126032e-15,0.0,0.0,1.89,1.0
formal_global_meanbg_500,image,ISOSpeedRatings,0.0,normal,115,115,0,92,50.0,57.7,73.4,128.0,176.0,235.0,456.0,602.28,1115.0,207.36521739130436,137.51620832282794,107.0,55.0,128.0,0.02608695652173913
formal_global_meanbg_500,image,BrightnessValue,0.0,normal,115,115,0,46,4.3,5.014,5.61,6.85,7.7,8.350000000000001,9.559999999999999,10.486,10.8,7.580869565217391,1.2344396876666965,1.5000000000000018,0.7999999999999998,7.2,0.05217391304347826
formal_global_meanbg_500,image,log2_exposure_time,0.0,normal,115,115,0,7,-6.79010001393109,-6.643567679616601,-6.643466716204508,-5.643567679616601,-5.643567679616601,-5.058605178895445,-4.643567679616601,-4.643567679616601,-4.321668433148858,-5.496655609160432,0.5089397722419063,0.5849625007211561,0.0,-5.643567679616601,0.5478260869565217
formal_global_meanbg_500,image,log2_iso_gain,0.0,normal,115,115,0,92,-1.0,-0.7939832941388845,-0.44626133340176616,0.35614381022527536,0.8155754288625726,1.2326476946978981,2.189033824390017,2.5844495122764806,3.4789718050329426,0.8290493715852636,0.7814535503138973,0.8765038844726227,0.42931163026096175,0.35614381022527536,0.02608695652173913
formal_global_meanbg_500,image,log2_fnumber,0.0,normal,115,115,0,1,0.9183862344463479,0.9183862344463479,0.9183862344463479,0.9183862344463479,0.9183862344463479,0.9183862344463479,0.9183862344463479,0.9183862344463479,0.9183862344463479,0.918386234446348,2.0071472254726204e-15,0.0,0.0,0.9183862344463479,1.0
formal_global_meanbg_500,image,aperture_value_from_f,0.0,normal,115,115,0,1,1.8367724688926959,1.8367724688926959,1.8367724688926959,1.8367724688926959,1.8367724688926959,1.8367724688926959,1.8367724688926959,1.8367724688926959,1.8367724688926959,1.836772468892696,4.014294450945241e-15,0.0,0.0,1.8367724688926959,1.0
formal_global_meanbg_500,image,time_value_from_t,0.0,normal,115,115,0,7,4.321668433148858,4.643567679616601,4.643567679616601,5.058605178895445,5.643567679616601,5.643567679616601,6.643466716204508,6.643567679616601,6.79010001393109,5.496655609160432,0.5089397722419063,0.5849625007211561,0.0,5.643567679616601,0.5478260869565217
formal_global_meanbg_500,image,EV100,0.0,normal,115,115,0,7,6.158440902041554,6.480340148509297,6.480340148509297,6.895377647788141,7.480340148509297,7.480340148509297,8.480239185097204,8.480340148509297,8.626872482823785,7.333428078053129,0.5089397722419056,0.5849625007211561,0.0,7.480340148509297,0.5478260869565217
formal_global_meanbg_500,image,relative_optical_exposure,0.0,normal,115,115,0,7,-8.626872482823785,-8.480340148509297,-8.480239185097204,-7.480340148509297,-7.480340148509297,-6.895377647788141,-6.480340148509297,-6.480340148509297,-6.158440902041554,-7.333428078053129,0.5089397722419056,0.5849625007211561,0.0,-7.480340148509297,0.5478260869565217
formal_global_meanbg_500,image,combined_exposure_gain,0.0,normal,115,115,0,100,-9.626872482823785,-9.274179209202334,-8.530638048028909,-7.223342158825791,-6.539233837562866,-5.797782602655216,-4.3136247035428745,-3.899321331124028,-2.6794690970086115,-6.504378706467865,1.2179704923981842,1.4255595561705752,0.7023194513593154,-7.124196338284022,0.02608695652173913
formal_global_meanbg_500,image,sensitivity_value,0.0,normal,115,115,0,92,4.0,4.206016705861115,4.553738666598234,5.356143810225276,5.815575428862573,6.2326476946978975,7.189033824390017,7.58444951227648,8.478971805032943,5.829049371585263,0.7814535503138973,0.8765038844726218,0.42931163026096186,5.356143810225276,0.02608695652173913
formal_global_meanbg_500,image,brightness_apex_pred,0.0,normal,115,115,0,100,-2.320530902991389,-1.100678668875972,-0.6863752964571246,0.797782602655217,1.5392338375628656,2.2233421588257913,3.5306380480289095,4.274179209202334,4.626872482823785,1.504378706467864,1.2179704923981842,1.4255595561705743,0.7023194513593154,2.1241963382840217,0.02608695652173913
formal_global_meanbg_500,image,brightness_residual,0.0,normal,115,115,0,109,3.3977317566033403,3.6690666098324773,5.666012338019981,6.022709936172376,6.170157098574836,6.312306338313598,6.467872155273332,6.63950190049215,6.6552837612214235,6.076490858749526,0.5269052863393727,0.28959640214122206,0.14744716240246003,6.004622352211859,0.017391304347826087
formal_global_meanbg_500,image,device_centered_brightness,0.0,normal,115,115,0,46,-1.823529411764705,-1.4035294117647052,-1.0529411764705876,-0.32352941176470584,0.1764705882352939,0.5588235294117645,1.2705882352941162,1.8152941176470574,1.999999999999999,0.10639386189258283,0.7261409927451153,0.8823529411764703,0.4705882352941172,-0.11764705882352944,0.05217391304347826
formal_global_meanbg_500,image,ExposureTime,1.0,mild,237,237,0,29,0.0035714285714285713,0.004347826086956522,0.007047619047619048,0.01,0.02,0.030006,0.04,0.040008,0.050009,0.019788448402559968,0.009598304392207336,0.020006000000000003,0.01,0.01,0.24472573839662448
formal_global_meanbg_500,image,FNumber,1.0,mild,237,237,0,3,1.89,1.89,1.89,1.89,1.9,1.9,1.9,2.0,2.0,1.901350210970464,0.022300711823541885,0.010000000000000009,0.0,1.9,0.6244725738396625
formal_global_meanbg_500,image,ISOSpeedRatings,1.0,mild,237,237,0,89,50.0,50.0,80.0,167.0,250.0,400.0,1000.0,1250.0,1250.0,344.76371308016877,262.6201643278337,233.0,127.0,400.0,0.10970464135021098
formal_global_meanbg_500,image,BrightnessValue,1.0,mild,237,237,0,185,-2.67,-2.3472000000000004,-1.612,-0.28,1.5,6.5,8.8,10.163999999999998,10.9,2.7548945147679325,3.6015528209199674,6.78,2.3,6.6,0.02531645569620253
formal_global_meanbg_500,image,log2_exposure_time,1.0,mild,237,237,0,29,-8.129283016944967,-7.845490050944375,-7.149190151655149,-6.643856189774724,-5.643856189774724,-5.058605178895445,-4.643856189774724,-4.643567679616601,-4.321668433148858,-5.8538456874012645,0.7916140758660578,1.5852510108792792,0.5852510108792792,-6.643856189774724,0.24472573839662448
formal_global_meanbg_500,image,log2_iso_gain,1.0,mild,237,237,0,89,-1.0,-1.0,-0.3219280948873623,0.7398481026993274,1.3219280948873624,2.0,3.321928094887362,3.643856189774725,3.643856189774725,1.4200761448666752,1.0442382300496587,1.2601518973006725,0.6780719051126376,2.0,0.10970464135021098
formal_global_meanbg_500,image,log2_fnumber,1.0,mild,237,237,0,3,0.9183862344463479,0.9183862344463479,0.9183862344463479,0.9183862344463479,0.925999418556223,0.925999418556223,0.925999418556223,1.0,1.0,0.9269284398022622,0.01653877328779499,0.007613184109875104,0.0,0.925999418556223,0.6244725738396625
formal_global_meanbg_500,image,aperture_value_from_f,1.0,mild,237,237,0,3,1.8367724688926959,1.8367724688926959,1.8367724688926959,1.8367724688926959,1.851998837112446,1.851998837112446,1.851998837112446,2.0,2.0,1.8538568796045245,0.03307754657558998,0.015226368219750208,0.0,1.851998837112446,0.6244725738396625
formal_global_meanbg_500,image,time_value_from_t,1.0,mild,237,237,0,29,4.321668433148858,4.643567679616601,4.643856189774724,5.058605178895445,5.643856189774724,6.643856189774724,7.149190151655148,7.845490050944375,8.129283016944967,5.8538456874012645,0.7916140758660578,1.5852510108792792,0.5852510108792792,6.643856189774724,0.24472573839662448
formal_global_meanbg_500,image,EV100,1.0,mild,237,237,0,31,6.158440902041554,6.480340148509297,6.643856189774724,6.8963929564708994,7.49585502688717,8.49585502688717,9.001188988767595,9.69748888805682,9.981281854057414,7.707702567005789,0.7867244521646544,1.599462070416271,0.6004773790990292,8.49585502688717,0.24472573839662448
formal_global_meanbg_500,image,relative_optical_exposure,1.0,mild,237,237,0,31,-9.981281854057414,-9.69748888805682,-9.001188988767595,-8.49585502688717,-7.49585502688717,-6.8963929564708994,-6.643856189774724,-6.480340148509297,-6.158440902041554,-7.707702567005789,0.7867244521646544,1.599462070416271,0.6004773790990292,-8.49585502688717,0.24472573839662448
formal_global_meanbg_500,image,combined_exposure_gain,1.0,mild,237,237,0,128,-9.758889432720965,-9.540904196737666,-8.886338829304352,-7.173926931999808,-6.173926931999808,-5.315232163364761,-4.218321051358261,-3.3684308808556294,-2.7228123079894635,-6.287626422139113,1.4476086384348161,1.858694768635047,1.0,-5.49585502688717,0.06751054852320675
formal_global_meanbg_500,image,sensitivity_value,1.0,mild,237,237,0,89,4.0,4.0,4.678071905112637,5.7398481026993275,6.321928094887363,7.0,8.321928094887362,8.643856189774725,8.643856189774725,6.420076144866675,1.0442382300496589,1.2601518973006725,0.6780719051126374,7.0,0.10970464135021098
formal_global_meanbg_500,image,brightness_apex_pred,1.0,mild,237,237,0,128,-2.2771876920105365,-1.631569119144375,-0.7816789486417379,0.3152321633647608,1.1739269319998078,2.173926931999808,3.8863388293043504,4.540904196737665,4.758889432720965,1.2876264221391136,1.4476086384348161,1.858694768635047,1.0,0.4958550268871704,0.06751054852320675
formal_global_meanbg_500,image,brightness_residual,1.0,mild,237,237,0,205,-1.527783121774533,-1.3391929564708995,-1.049783121774533,-0.9377831217745322,-0.7958550268871705,6.063410736412165,6.365257926007583,6.5868958991821955,6.908693675880719,1.4672680926288186,3.3414180175685093,7.0011938581866975,0.20192809488736252,-0.9339269319998078,0.016877637130801686
formal_global_meanbg_500,image,device_centered_brightness,1.0,mild,237,237,0,185,-2.1176470588235285,-1.4579127134724856,-1.0755760368663596,-0.5294117647058822,-0.06912442396313367,0.4608294930875576,1.2304147465437785,1.7825752236378416,2.2442396313364052,-0.025327893509384247,0.7520295697112114,0.9902412577934399,0.49769585253456217,-0.47058823529411775,0.02531645569620253
formal_global_meanbg_500,image,ExposureTime,2.0,severe,148,148,0,20,0.0022222222222222222,0.0031726829268292683,0.007335164835164836,0.01,0.02,0.020004,0.030303030303030304,0.040008,0.040008,0.01778716810861285,0.00834845588497643,0.010004,0.01,0.01,0.3108108108108108
formal_global_meanbg_500,image,FNumber,2.0,severe,148,148,0,3,1.89,1.89,1.89,1.89,1.9,1.9,1.9,1.9,2.0,1.8979729729729733,0.009544700382255085,0.010000000000000009,0.0,1.9,0.722972972972973
formal_global_meanbg_500,image,ISOSpeedRatings,2.0,severe,148,148,0,53,50.0,50.0,67.85000000000001,178.25,250.0,400.0,800.0,1000.0,1600.0,336.0810810810811,249.08850197572434,221.75,120.0,320.0,0.12162162162162163
formal_global_meanbg_500,image,BrightnessValue,2.0,severe,148,148,0,124,-2.35,-1.9513,-1.4689999999999999,-0.0325,1.365,5.75,8.395000000000001,9.306000000000001,9.8,2.4824324324324323,3.28292813998027,5.7825,2.045,7.2,0.04054054054054054
formal_global_meanbg_500,image,log2_exposure_time,2.0,severe,148,148,0,20,-8.813781191217037,-8.344043066529068,-7.0918626955741875,-6.643856189774724,-5.643856189774724,-5.643567679616601,-5.044394119358453,-4.643567679616601,-4.643567679616601,-5.993463143583338,0.7681848880566363,1.0002885101581231,0.5852510108792792,-6.643856189774724,0.3108108108108108
formal_global_meanbg_500,image,log2_iso_gain,2.0,severe,148,148,0,53,-1.0,-1.0,-0.5637696481011663,0.8333759595721049,1.3219280948873624,2.0,3.0,3.321928094887362,4.0,1.3826018990545565,1.0618211355421499,1.1666240404278951,0.6438561897747247,1.6780719051126378,0.12162162162162163
formal_global_meanbg_500,image,log2_fnumber,2.0,severe,148,148,0,3,0.9183862344463479,0.9183862344463479,0.9183862344463479,0.9183862344463479,0.925999418556223,0.925999418556223,0.925999418556223,0.925999418556223,1.0,0.9244418051579036,0.007112046568574432,0.007613184109875104,0.0,0.925999418556223,0.722972972972973
formal_global_meanbg_500,image,aperture_value_from_f,2.0,severe,148,148,0,3,1.8367724688926959,1.8367724688926959,1.8367724688926959,1.8367724688926959,1.851998837112446,1.851998837112446,1.851998837112446,1.851998837112446,2.0,1.8488836103158073,0.014224093137148864,0.015226368219750208,0.0,1.851998837112446,0.722972972972973
formal_global_meanbg_500,image,time_value_from_t,2.0,severe,148,148,0,20,4.643567679616601,4.643567679616601,5.044394119358453,5.643567679616601,5.643856189774724,6.643856189774724,7.0918626955741875,8.344043066529068,8.813781191217037,5.993463143583338,0.7681848880566363,1.0002885101581231,0.5852510108792792,6.643856189774724,0.3108108108108108
formal_global_meanbg_500,image,EV100,2.0,severe,148,148,0,21,6.480340148509297,6.480340148509297,6.895377647788141,7.480340148509297,7.49585502688717,8.49585502688717,8.943861532686633,10.196041903641513,10.665780028329483,7.842346753899146,0.771159578608609,1.0155148783778731,0.6004773790990292,8.49585502688717,0.3108108108108108
formal_global_meanbg_500,image,relative_optical_exposure,2.0,severe,148,148,0,21,-10.665780028329483,-10.196041903641513,-8.943861532686633,-8.49585502688717,-7.49585502688717,-7.480340148509297,-6.895377647788141,-6.480340148509297,-6.480340148509297,-7.842346753899146,0.771159578608609,1.0155148783778731,0.6004773790990292,-8.49585502688717,0.3108108108108108
formal_global_meanbg_500,image,combined_exposure_gain,2.0,severe,148,148,0,73,-10.261389773250148,-10.149337526589159,-9.139711216661896,-7.49585502688717,-6.49585502688717,-5.380704662207283,-4.218321051358261,-3.77798685956072,-3.5744648615835373,-6.459744854844589,1.4674724925784068,2.115150364679887,1.0,-6.49585502688717,0.08783783783783784
formal_global_meanbg_500,image,sensitivity_value,2.0,severe,148,148,0,53,4.0,4.0,4.436230351898834,5.833375959572105,6.321928094887363,7.0,8.0,8.321928094887362,9.0,6.382601899054556,1.0618211355421503,1.1666240404278954,0.6438561897747253,6.678071905112637,0.12162162162162163
formal_global_meanbg_500,image,brightness_apex_pred,2.0,severe,148,148,0,73,-1.4255351384164623,-1.2220131404392798,-0.7816789486417379,0.3807046622072836,1.4958550268871704,2.4958550268871704,4.139711216661895,5.149337526589159,5.261389773250148,1.4597448548445886,1.4674724925784066,2.115150364679887,1.0,1.4958550268871704,0.08783783783783784
formal_global_meanbg_500,image,brightness_residual,2.0,severe,148,148,0,126,-1.3508175276083265,-1.1824550268871705,-1.0317679157417194,-0.9418940878139239,-0.8158550268871705,5.760688961590204,6.230969986201128,6.441060559913223,6.485194597853679,1.022687577587844,3.094740317218361,6.702583049404128,0.14500000000000002,-0.9839269319998079,0.02702702702702703
formal_global_meanbg_500,image,device_centered_brightness,2.0,severe,148,148,0,123,-1.4117647058823524,-1.276036866359447,-1.0419354838709676,-0.5306993765248034,0.0023041474654377646,0.45622119815668205,1.3663594470046085,1.678571428571429,1.8755760368663597,0.02969749364436266,0.7216451016257915,0.9869205746814854,0.47262130658715107,-0.11764705882352944,0.04054054054054054
formal_global_meanbg_500,patient_group_median,ExposureTime,0.0,normal,115,115,0,7,0.009036,0.010002,0.0100027,0.020004,0.020004,0.030006,0.040008,0.040008,0.050009,0.023474591304347828,0.007857436900624288,0.010002,0.0,0.020004,0.5478260869565217
formal_global_meanbg_500,patient_group_median,FNumber,0.0,normal,115,115,0,1,1.89,1.89,1.89,1.89,1.89,1.89,1.89,1.89,1.89,1.89,5.35239260126032e-15,0.0,0.0,1.89,1.0
formal_global_meanbg_500,patient_group_median,ISOSpeedRatings,0.0,normal,115,115,0,92,50.0,57.7,73.4,128.0,176.0,235.0,456.0,602.28,1115.0,207.36521739130436,137.51620832282796,107.0,55.0,128.0,0.02608695652173913
formal_global_meanbg_500,patient_group_median,BrightnessValue,0.0,normal,115,115,0,46,4.3,5.014,5.61,6.85,7.7,8.350000000000001,9.559999999999999,10.486,10.8,7.580869565217393,1.2344396876666968,1.5000000000000018,0.7999999999999998,7.2,0.05217391304347826
formal_global_meanbg_500,patient_group_median,log2_exposure_time,0.0,normal,115,115,0,7,-6.79010001393109,-6.643567679616601,-6.643466716204508,-5.643567679616601,-5.643567679616601,-5.058605178895445,-4.643567679616601,-4.643567679616601,-4.321668433148858,-5.49665560916043,0.5089397722419061,0.5849625007211561,0.0,-5.643567679616601,0.5478260869565217
formal_global_meanbg_500,patient_group_median,log2_iso_gain,0.0,normal,115,115,0,92,-1.0,-0.7939832941388845,-0.44626133340176616,0.35614381022527536,0.8155754288625726,1.2326476946978981,2.189033824390017,2.5844495122764806,3.4789718050329426,0.8290493715852637,0.7814535503138974,0.8765038844726227,0.42931163026096175,0.35614381022527536,0.02608695652173913
formal_global_meanbg_500,patient_group_median,log2_fnumber,0.0,normal,115,115,0,1,0.9183862344463479,0.9183862344463479,0.9183862344463479,0.9183862344463479,0.9183862344463479,0.9183862344463479,0.9183862344463479,0.9183862344463479,0.9183862344463479,0.918386234446348,2.0071472254726204e-15,0.0,0.0,0.9183862344463479,1.0
formal_global_meanbg_500,patient_group_median,aperture_value_from_f,0.0,normal,115,115,0,1,1.8367724688926959,1.8367724688926959,1.8367724688926959,1.8367724688926959,1.8367724688926959,1.8367724688926959,1.8367724688926959,1.8367724688926959,1.8367724688926959,1.836772468892696,4.014294450945241e-15,0.0,0.0,1.8367724688926959,1.0
formal_global_meanbg_500,patient_group_median,time_value_from_t,0.0,normal,115,115,0,7,4.321668433148858,4.643567679616601,4.643567679616601,5.058605178895445,5.643567679616601,5.643567679616601,6.643466716204508,6.643567679616601,6.79010001393109,5.49665560916043,0.5089397722419061,0.5849625007211561,0.0,5.643567679616601,0.5478260869565217
formal_global_meanbg_500,patient_group_median,EV100,0.0,normal,115,115,0,7,6.158440902041554,6.480340148509297,6.480340148509297,6.895377647788141,7.480340148509297,7.480340148509297,8.480239185097204,8.480340148509297,8.626872482823785,7.333428078053129,0.5089397722419056,0.5849625007211561,0.0,7.480340148509297,0.5478260869565217
formal_global_meanbg_500,patient_group_median,relative_optical_exposure,0.0,normal,115,115,0,7,-8.626872482823785,-8.480340148509297,-8.480239185097204,-7.480340148509297,-7.480340148509297,-6.895377647788141,-6.480340148509297,-6.480340148509297,-6.158440902041554,-7.333428078053129,0.5089397722419056,0.5849625007211561,0.0,-7.480340148509297,0.5478260869565217
formal_global_meanbg_500,patient_group_median,combined_exposure_gain,0.0,normal,115,115,0,100,-9.626872482823785,-9.274179209202334,-8.530638048028909,-7.223342158825791,-6.539233837562866,-5.797782602655216,-4.3136247035428745,-3.899321331124028,-2.6794690970086115,-6.504378706467865,1.2179704923981844,1.4255595561705752,0.7023194513593154,-7.124196338284022,0.02608695652173913
formal_global_meanbg_500,patient_group_median,sensitivity_value,0.0,normal,115,115,0,92,4.0,4.206016705861115,4.553738666598234,5.356143810225276,5.815575428862573,6.2326476946978975,7.189033824390017,7.58444951227648,8.478971805032943,5.829049371585264,0.7814535503138974,0.8765038844726218,0.42931163026096186,5.356143810225276,0.02608695652173913
formal_global_meanbg_500,patient_group_median,brightness_apex_pred,0.0,normal,115,115,0,100,-2.320530902991389,-1.100678668875972,-0.6863752964571246,0.797782602655217,1.5392338375628656,2.2233421588257913,3.5306380480289095,4.274179209202334,4.626872482823785,1.5043787064678642,1.2179704923981842,1.4255595561705743,0.7023194513593154,2.1241963382840217,0.02608695652173913
formal_global_meanbg_500,patient_group_median,brightness_residual,0.0,normal,115,115,0,109,3.3977317566033403,3.6690666098324773,5.666012338019981,6.022709936172376,6.170157098574836,6.312306338313598,6.467872155273332,6.63950190049215,6.6552837612214235,6.076490858749527,0.5269052863393728,0.28959640214122206,0.14744716240246003,6.004622352211859,0.017391304347826087
formal_global_meanbg_500,patient_group_median,device_centered_brightness,0.0,normal,115,115,0,46,-1.823529411764705,-1.4035294117647052,-1.0529411764705876,-0.32352941176470584,0.1764705882352939,0.5588235294117645,1.2705882352941162,1.8152941176470574,1.999999999999999,0.10639386189258285,0.7261409927451152,0.8823529411764703,0.4705882352941172,-0.11764705882352944,0.05217391304347826
formal_global_meanbg_500,patient_group_median,ExposureTime,1.0,mild,222,222,0,32,0.0035714285714285713,0.004389328063241106,0.0069340659340659345,0.01,0.02,0.030006,0.04,0.040008,0.050009,0.02013265020720175,0.009676465744264943,0.020006000000000003,0.01,0.01,0.22522522522522523
formal_global_meanbg_500,patient_group_median,FNumber,1.0,mild,222,222,0,5,1.89,1.89,1.89,1.89,1.9,1.9,1.9,2.0,2.0,1.9012837837837837,0.02228559196314088,0.010000000000000009,0.0,1.9,0.6036036036036037
formal_global_meanbg_500,patient_group_median,ISOSpeedRatings,1.0,mild,222,222,0,91,50.0,50.0,80.0,165.25,263.0,400.0,1000.0,1250.0,1250.0,350.3355855855856,267.8995578044645,234.75,137.0,400.0,0.1036036036036036
formal_global_meanbg_500,patient_group_median,BrightnessValue,1.0,mild,222,222,0,173,-2.67,-2.3817000000000004,-1.6195000000000002,-0.28,1.595,6.6,8.8,10.178999999999998,10.9,2.8270495495495496,3.6475594285582313,6.88,2.495,6.6,0.02702702702702703
formal_global_meanbg_500,patient_group_median,log2_exposure_time,1.0,mild,222,222,0,32,-8.129283016944967,-7.832022680086235,-7.223841906818334,-6.643856189774724,-5.643856189774724,-5.058605178895445,-4.643856189774724,-4.643567679616601,-4.321668433148858,-5.829060624551637,0.7918060860971865,1.5852510108792792,0.5852510108792792,-6.643856189774724,0.22522522522522523
formal_global_meanbg_500,patient_group_median,log2_iso_gain,1.0,mild,222,222,0,91,-1.0,-1.0,-0.3219280948873623,0.7246453287463682,1.3808536294088545,2.0,3.321928094887362,3.643856189774725,3.643856189774725,1.436325196926291,1.0539213013536797,1.2753546712536319,0.654028996387209,2.0,0.1036036036036036
formal_global_meanbg_500,patient_group_median,log2_fnumber,1.0,mild,222,222,0,5,0.9183862344463479,0.9183862344463479,0.9183862344463479,0.9183862344463479,0.925999418556223,0.925999418556223,0.925999418556223,1.0,1.0,0.9268759839650257,0.016528981572829463,0.007613184109875104,0.0,0.925999418556223,0.6036036036036037
formal_global_meanbg_500,patient_group_median,aperture_value_from_f,1.0,mild,222,222,0,5,1.8367724688926959,1.8367724688926959,1.8367724688926959,1.8367724688926959,1.851998837112446,1.851998837112446,1.851998837112446,2.0,2.0,1.8537519679300514,0.033057963145658925,0.015226368219750208,0.0,1.851998837112446,0.6036036036036037
formal_global_meanbg_500,patient_group_median,time_value_from_t,1.0,mild,222,222,0,32,4.321668433148858,4.643567679616601,4.643856189774724,5.058605178895445,5.643856189774724,6.643856189774724,7.2238419068183335,7.832022680086234,8.129283016944967,5.829060624551637,0.7918060860971865,1.5852510108792792,0.5852510108792792,6.643856189774724,0.22522522522522523
formal_global_meanbg_500,patient_group_median,EV100,1.0,mild,222,222,0,34,6.158440902041554,6.480340148509297,6.643856189774724,6.8963929564708994,7.49585502688717,8.49585502688717,9.07584074393078,9.68402151719868,9.981281854057414,7.682812592481689,0.7870366310920587,1.599462070416271,0.6004773790990292,8.49585502688717,0.22522522522522523
formal_global_meanbg_500,patient_group_median,relative_optical_exposure,1.0,mild,222,222,0,34,-9.981281854057414,-9.68402151719868,-9.075840743930781,-8.49585502688717,-7.49585502688717,-6.8963929564708994,-6.643856189774724,-6.480340148509297,-6.158440902041554,-7.682812592481689,0.7870366310920587,1.599462070416271,0.6004773790990292,-8.49585502688717,0.22522522522522523
formal_global_meanbg_500,patient_group_median,combined_exposure_gain,1.0,mild,222,222,0,129,-9.715772987412716,-9.49585502688717,-8.817783121774532,-7.173926931999808,-6.173419277658429,-5.1939031036750105,-4.218321051358261,-3.3201416666225234,-2.7228123079894635,-6.246487395555398,1.4483302335362982,1.9800238283247973,0.9999999999999996,-5.49585502688717,0.05855855855855856
formal_global_meanbg_500,patient_group_median,sensitivity_value,1.0,mild,222,222,0,91,4.0,4.0,4.678071905112637,5.724645328746368,6.380853629408854,7.0,8.321928094887362,8.643856189774725,8.643856189774725,6.43632519692629,1.0539213013536795,1.2753546712536323,0.6540289963872086,7.0,0.1036036036036036
formal_global_meanbg_500,patient_group_median,brightness_apex_pred,1.0,mild,222,222,0,129,-2.2771876920105365,-1.6798583333774795,-0.7816789486417379,0.1939031036750103,1.1734192776584291,2.173926931999808,3.817783121774533,4.49585502688717,4.715772987412716,1.2464873955553981,1.4483302335362978,1.9800238283247975,1.0,0.4958550268871704,0.05855855855855856
formal_global_meanbg_500,patient_group_median,brightness_residual,1.0,mild,222,222,0,195,-1.527783121774533,-1.3201965668599527,-1.047686717030165,-0.9323909794434891,-0.7839269319998078,6.065458914855943,6.36109285484921,6.5972800468629735,6.908693675880719,1.5805621539941512,3.3660833473585177,6.997849894299431,0.2171970596792271,-0.8939269319998078,0.018018018018018018
formal_global_meanbg_500,patient_group_median,device_centered_brightness,1.0,mild,222,222,0,173,-2.1176470588235285,-1.4687286527514232,-1.082488479262673,-0.5437788018433181,-0.10368663594470048,0.45852534562211983,1.2241935483870965,1.7867633505014906,2.2442396313364052,-0.04126341033361914,0.7596247236211585,1.002304147465438,0.4861751152073732,-0.47058823529411775,0.02702702702702703
formal_global_meanbg_500,patient_group_median,ExposureTime,2.0,severe,136,136,0,21,0.0022222222222222222,0.002985365853658537,0.00874125874125874,0.01,0.02,0.020004,0.030303030303030304,0.040008,0.040008,0.01797639959790694,0.008324380998796734,0.010004,0.01,0.01,0.3014705882352941
formal_global_meanbg_500,patient_group_median,FNumber,2.0,severe,136,136,0,3,1.89,1.89,1.89,1.89,1.9,1.9,1.9,1.9,2.0,1.8979411764705882,0.009897073795661814,0.010000000000000009,0.0,1.9,0.7132352941176471
formal_global_meanbg_500,patient_group_median,ISOSpeedRatings,2.0,severe,136,136,0,53,50.0,50.0,72.25,169.25,250.0,400.0,800.0,1000.0,1600.0,337.2720588235294,253.9888147701044,230.75,120.0,200.0,0.11029411764705882
formal_global_meanbg_500,patient_group_median,BrightnessValue,2.0,severe,136,136,0,115,-2.35,-1.9765,-1.4449999999999998,0.015,1.255,5.95,8.6,9.330000000000002,9.8,2.528970588235294,3.336108962029859,5.9350000000000005,2.065,7.2,0.04411764705882353
formal_global_meanbg_500,patient_group_median,log2_exposure_time,2.0,severe,136,136,0,21,-8.813781191217037,-8.42968656431027,-6.8416117384006085,-6.643856189774724,-5.643856189774724,-5.643567679616601,-5.044394119358453,-4.643567679616601,-4.643567679616601,-5.976772384427931,0.7636214077063279,1.0002885101581231,0.5852510108792792,-6.643856189774724,0.3014705882352941
formal_global_meanbg_500,patient_group_median,log2_iso_gain,2.0,severe,136,136,0,52,-1.0,-1.0,-0.47224217190281403,0.7591130854470647,1.3219280948873624,2.0,3.0,3.321928094887362,4.0,1.3794097513937598,1.065919065414256,1.2408869145529353,0.6438561897747247,1.0,0.11029411764705882
formal_global_meanbg_500,patient_group_median,log2_fnumber,2.0,severe,136,136,0,3,0.9183862344463479,0.9183862344463479,0.9183862344463479,0.9183862344463479,0.925999418556223,0.925999418556223,0.925999418556223,0.925999418556223,1.0,0.9244163272714329,0.0073724952260745425,0.007613184109875104,0.0,0.925999418556223,0.7132352941176471
formal_global_meanbg_500,patient_group_median,aperture_value_from_f,2.0,severe,136,136,0,3,1.8367724688926959,1.8367724688926959,1.8367724688926959,1.8367724688926959,1.851998837112446,1.851998837112446,1.851998837112446,1.851998837112446,2.0,1.8488326545428657,0.014744990452149085,0.015226368219750208,0.0,1.851998837112446,0.7132352941176471
formal_global_meanbg_500,patient_group_median,time_value_from_t,2.0,severe,136,136,0,21,4.643567679616601,4.643567679616601,5.044394119358453,5.643567679616601,5.643856189774724,6.643856189774724,6.8416117384006085,8.429686564310273,8.813781191217037,5.976772384427931,0.7636214077063279,1.0002885101581231,0.5852510108792792,6.643856189774724,0.3014705882352941
formal_global_meanbg_500,patient_group_median,EV100,2.0,severe,136,136,0,22,6.480340148509297,6.480340148509297,6.895377647788141,7.480340148509297,7.49585502688717,8.49585502688717,8.693610575513054,10.281685401422719,10.665780028329483,7.825605038970798,0.7666189260562732,1.0155148783778731,0.6004773790990292,8.49585502688717,0.3014705882352941
formal_global_meanbg_500,patient_group_median,relative_optical_exposure,2.0,severe,136,136,0,22,-10.665780028329483,-10.281685401422715,-8.693610575513054,-8.49585502688717,-7.49585502688717,-7.480340148509297,-6.895377647788141,-6.480340148509297,-6.480340148509297,-7.825605038970798,0.7666189260562732,1.0155148783778731,0.6004773790990292,-8.49585502688717,0.3014705882352941
formal_global_meanbg_500,patient_group_median,combined_exposure_gain,2.0,severe,136,136,0,71,-10.261389773250148,-9.96011461337015,-9.139711216661896,-7.49585502688717,-6.49585502688717,-5.468501468167855,-4.218321051358261,-3.751177931958414,-3.5744648615835373,-6.446195287577036,1.4493784099026514,2.027353558719315,1.0,-6.49585502688717,0.08823529411764706
formal_global_meanbg_500,patient_group_median,sensitivity_value,2.0,severe,136,136,0,52,4.0,4.0,4.527757828097186,5.759113085447065,6.321928094887363,7.0,8.0,8.321928094887362,9.0,6.3794097513937595,1.065919065414256,1.2408869145529353,0.6438561897747253,6.0,0.11029411764705882
formal_global_meanbg_500,patient_group_median,brightness_apex_pred,2.0,severe,136,136,0,71,-1.4255351384164623,-1.2488220680415845,-0.7816789486417379,0.4685014681678552,1.4958550268871704,2.4958550268871704,4.139711216661895,4.960114613370154,5.261389773250148,1.446195287577037,1.4493784099026514,2.027353558719315,1.0,1.4958550268871704,0.08823529411764706
formal_global_meanbg_500,patient_group_median,brightness_residual,2.0,severe,136,136,0,116,-1.2858550268871705,-1.0616801936765936,-1.0268423076923834,-0.9372387134779147,-0.8158550268871705,5.90829626904507,6.240471959603369,6.448268234628648,6.485194597853679,1.0827753006582572,3.1309547230580024,6.8455349825229845,0.1409640474436813,-0.9839269319998079,0.029411764705882353
formal_global_meanbg_500,patient_group_median,device_centered_brightness,2.0,severe,136,136,0,114,-1.4117647058823524,-1.2926267281105992,-1.0737327188940093,-0.5294117647058822,0.0,0.44239631336405527,1.3479262672811059,1.6923963133640563,1.8755760368663597,0.02363545038508756,0.7168645148981695,0.9718080780699375,0.4634047167253994,-0.11764705882352944,0.04411764705882353
