latent_id,latent_split,mask_category,valid_skin_fraction,mask_hash,mask_attempt,largest_connected_component_fraction,m_mean,h_mean,m_std,h_std,finite,binary,nonempty
L000,train_like_id,mild,0.84576416015625,a73ee98dd0423aaf31dfa202e14d8d00c7cbd703c443ec0c87b294fccf17d217,0,1.0,0.003425608156248927,0.28583112359046936,0.0037078107707202435,0.03687993809580803,True,True,True
L001,train_like_id,full,1.0,916b144867c340614f515c7b0e5415c74832d899c05264ded2a277a6e81d81ff,0,1.0,0.007959689944982529,0.4592757821083069,0.004353105090558529,0.037857785820961,True,True,True
L002,train_like_id,full,1.0,916b144867c340614f515c7b0e5415c74832d899c05264ded2a277a6e81d81ff,0,1.0,0.013090310618281364,0.22874173521995544,0.004103099927306175,0.03248056396842003,True,True,True
L003,train_like_id,strong,0.4268798828125,e9a4904e4c4d8641c23ce01a8f55a0c735414a7a64a819e415573f55d84f536f,0,1.0,0.018674645572900772,0.0946701169013977,0.0034410564694553614,0.012963528744876385,True,True,True
L004,train_like_id,full,1.0,916b144867c340614f515c7b0e5415c74832d899c05264ded2a277a6e81d81ff,0,1.0,0.023646965622901917,0.8815094828605652,0.003911154344677925,0.019255565479397774,True,True,True
L005,train_like_id,mild,0.742431640625,7756d9c1f0d87548259b9fac8d62d3a18f8bc780e43161080750d04efe7a11e4,0,1.0,0.028195668011903763,0.6962944269180298,0.005628006532788277,0.03981006518006325,True,True,True
L006,train_like_id,mild,0.7603607177734375,aada2878c00e22e1616c0d244f9c0114b999d4853bddf5ba29a4452a3c996ed9,0,1.0,0.03411098197102547,0.531018853187561,0.006310149095952511,0.03031710721552372,True,True,True
L007,train_like_id,mild,0.806060791015625,9666f11b5239389aa3e329fe2cb477d2d892bb298c367fa9b92a989a179450a1,0,1.0,0.038992200046777725,0.8861375451087952,0.007946395315229893,0.018083518370985985,True,True,True
L008,train_like_id,full,1.0,916b144867c340614f515c7b0e5415c74832d899c05264ded2a277a6e81d81ff,0,1.0,0.044750556349754333,0.01316266879439354,0.007794848643243313,0.005227451678365469,True,True,True
L009,train_like_id,full,1.0,916b144867c340614f515c7b0e5415c74832d899c05264ded2a277a6e81d81ff,0,1.0,0.05006695166230202,0.2706536650657654,0.0077696507796645164,0.0371989905834198,True,True,True
L010,train_like_id,mild,0.834259033203125,fee888675c0d09def0264fae87822d65a752430a1b09c9f8717af1260804a401,0,1.0,0.0551617406308651,0.403938353061676,0.01076592318713665,0.03280872851610184,True,True,True
L011,train_like_id,full,1.0,916b144867c340614f515c7b0e5415c74832d899c05264ded2a277a6e81d81ff,0,1.0,0.06052941828966141,0.8604750037193298,0.010218402370810509,0.026220491155982018,True,True,True
L012,train_like_id,full,1.0,916b144867c340614f515c7b0e5415c74832d899c05264ded2a277a6e81d81ff,0,1.0,0.06570565700531006,0.6703655123710632,0.0112694026902318,0.03774537146091461,True,True,True
L013,train_like_id,full,1.0,916b144867c340614f515c7b0e5415c74832d899c05264ded2a277a6e81d81ff,0,1.0,0.07093215733766556,0.6362113356590271,0.012442727573215961,0.04295936971902847,True,True,True
L014,train_like_id,strong,0.5228271484375,34d2d6c7b7858f49e69f6f7f15342102817c7e12ee947cf285003f2fa48adcea,0,1.0,0.07541029900312424,0.6073125600814819,0.012708714231848717,0.03258989378809929,True,True,True
L015,train_like_id,strong,0.6546630859375,8187f0fa594a96bab3a263f3857c3ecb2b86aaeb1bebc804b4c0182837df62a1,0,1.0,0.08058645576238632,0.08554045855998993,0.011146909557282925,0.014562128111720085,True,True,True
L016,train_like_id,full,1.0,916b144867c340614f515c7b0e5415c74832d899c05264ded2a277a6e81d81ff,0,1.0,0.08675633370876312,0.9135980010032654,0.016780003905296326,0.013260864652693272,True,True,True
L017,train_like_id,mild,0.90087890625,e4ebd3ebf63754818b99fbbb6e23946cb25451cb674c79492067c5c9b753f51e,0,1.0,0.0921812579035759,0.0661587119102478,0.015092054381966591,0.010301622562110424,True,True,True
L018,train_like_id,mild,0.8851470947265625,10206024e06d61546f8c496002f7d08c187d65ab53383524d5c480774c9b65ef,0,1.0,0.09685325622558594,0.5593962073326111,0.01659323275089264,0.03108041174709797,True,True,True
L019,train_like_id,full,1.0,916b144867c340614f515c7b0e5415c74832d899c05264ded2a277a6e81d81ff,0,1.0,0.1024734377861023,0.4869574308395386,0.01670689322054386,0.03431059420108795,True,True,True
L020,train_like_id,mild,0.8275604248046875,7dc1f5e0eea30e4d719551f6ca4eeef53482511276cf0987ab405e5f0b2c0cde,0,1.0,0.10996471345424652,0.14398574829101562,0.018573135137557983,0.01783595234155655,True,True,True
L021,train_like_id,full,1.0,916b144867c340614f515c7b0e5415c74832d899c05264ded2a277a6e81d81ff,0,1.0,0.11283861100673676,0.8389630317687988,0.02298980951309204,0.030290843918919563,True,True,True
L022,train_like_id,strong,0.6359100341796875,e0996e28395b984a04c900b748d53b4fd35d343b6140a47ba871e542aa5f1033,0,1.0,0.11985007673501968,0.8528774380683899,0.019528521224856377,0.02364368736743927,True,True,True
L023,train_like_id,full,1.0,916b144867c340614f515c7b0e5415c74832d899c05264ded2a277a6e81d81ff,0,1.0,0.12361972779035568,0.20718029141426086,0.02239026501774788,0.03569473326206207,True,True,True
L024,train_like_id,full,1.0,916b144867c340614f515c7b0e5415c74832d899c05264ded2a277a6e81d81ff,0,1.0,0.12908196449279785,0.29750144481658936,0.023072119802236557,0.036946073174476624,True,True,True
L025,train_like_id,strong,0.53033447265625,5ceecea99dbe28577146cfb79edbf69428b5be6bca3eb3c39c1aef7d92b8e179,0,1.0,0.13469356298446655,0.7230215668678284,0.022501392289996147,0.04437652602791786,True,True,True
L026,train_like_id,full,1.0,916b144867c340614f515c7b0e5415c74832d899c05264ded2a277a6e81d81ff,0,1.0,0.13989298045635223,0.5032321214675903,0.028219107538461685,0.031578198075294495,True,True,True
L027,train_like_id,full,1.0,916b144867c340614f515c7b0e5415c74832d899c05264ded2a277a6e81d81ff,0,1.0,0.14460724592208862,0.3442768454551697,0.029364939779043198,0.03168066591024399,True,True,True
L028,train_like_id,mild,0.827117919921875,c1d026b4025484fddd04a78a18da902324626a4b02b9e5ae13a1e31940aaf61e,0,1.0,0.1498977094888687,0.9922670722007751,0.020849812775850296,0.0044411951676011086,True,True,True
L029,train_like_id,strong,0.3790740966796875,7e9faacaccca26c79b3389dca8a69173acba3d612711ee8e562b678633adee17,0,1.0,0.15790902078151703,0.12396737933158875,0.02586355432868004,0.020986545830965042,True,True,True
L030,train_like_id,full,1.0,916b144867c340614f515c7b0e5415c74832d899c05264ded2a277a6e81d81ff,0,1.0,0.16051924228668213,0.6986591815948486,0.02603060007095337,0.040248360484838486,True,True,True
L031,train_like_id,full,1.0,916b144867c340614f515c7b0e5415c74832d899c05264ded2a277a6e81d81ff,0,1.0,0.16515186429023743,0.6499497294425964,0.028986075893044472,0.03743954002857208,True,True,True
L032,train_like_id,mild,0.726043701171875,0c213cbf8ce69c856c253eaf59dcd9d85d0e515cf5b89138e2af7c15b51b5bc6,0,1.0,0.1712881326675415,0.9390913248062134,0.02366023324429989,0.010232550092041492,True,True,True
L033,train_like_id,strong,0.381378173828125,429379c85040d516d1fd1a96af3d50bccd0d9dd8724e8d0644b1693afc8873b2,0,1.0,0.17412468791007996,0.4577792286872864,0.02473284676671028,0.032183583825826645,True,True,True
L034,train_like_id,strong,0.545196533203125,4bee957c898a2db950a2f6980cbf50047bc3e55275a883bd56a4e904191a11eb,0,1.0,0.17893540859222412,0.8202996850013733,0.037478551268577576,0.0348711796104908,True,True,True
L035,train_like_id,full,1.0,916b144867c340614f515c7b0e5415c74832d899c05264ded2a277a6e81d81ff,0,1.0,0.1868952363729477,0.9078159332275391,0.030233239755034447,0.015181262977421284,True,True,True
L036,train_like_id,full,1.0,916b144867c340614f515c7b0e5415c74832d899c05264ded2a277a6e81d81ff,0,1.0,0.19168677926063538,0.5930597186088562,0.033303312957286835,0.03103717975318432,True,True,True
L037,train_like_id,full,1.0,916b144867c340614f515c7b0e5415c74832d899c05264ded2a277a6e81d81ff,0,1.0,0.19700950384140015,0.07086826860904694,0.03307951241731644,0.012869959697127342,True,True,True
L038,train_like_id,full,1.0,916b144867c340614f515c7b0e5415c74832d899c05264ded2a277a6e81d81ff,0,1.0,0.20318734645843506,0.33920174837112427,0.03786082938313484,0.0325535349547863,True,True,True
L039,train_like_id,mild,0.739471435546875,02a0cf631cc555cbc869642c461d2596f15cba15dcaa46517faecb4b63b137bb,0,1.0,0.20639324188232422,0.8458259701728821,0.03832906112074852,0.028167178854346275,True,True,True
L040,train_like_id,mild,0.9146728515625,0abdcb4f00d66ab03107d2f7e233c872f60b73b5b03b8bb9e5302d7facbb835c,0,1.0,0.2144620716571808,0.3871505558490753,0.028391843661665916,0.03323424234986305,True,True,True
L041,train_like_id,strong,0.50177001953125,1b60a1e0ed8c11a7f8fd5e7849a6e4d6a6ed2adea2b3156a034f9f4dcd147c78,0,1.0,0.2127598524093628,0.7714276909828186,0.03522047400474548,0.0416194349527359,True,True,True
L042,train_like_id,mild,0.9217987060546875,a7699714fbb03efd5b6c6f6e3f2179db6761ff304880744245102ba9cfdc10c5,0,1.0,0.22227369248867035,0.7076494693756104,0.04371849074959755,0.04327693581581116,True,True,True
L043,train_like_id,mild,0.8410797119140625,ff245a0938a477e990e72031cf48b4a68ed271bf44ab2835a84838feb49775a5,0,1.0,0.23010683059692383,0.31573060154914856,0.032682135701179504,0.03230787813663483,True,True,True
L044,train_like_id,full,1.0,916b144867c340614f515c7b0e5415c74832d899c05264ded2a277a6e81d81ff,0,1.0,0.23472054302692413,0.9711423516273499,0.03464139252901077,0.005587770603597164,True,True,True
L045,train_like_id,full,1.0,916b144867c340614f515c7b0e5415c74832d899c05264ded2a277a6e81d81ff,0,1.0,0.23928292095661163,0.41969457268714905,0.036160726100206375,0.033521007746458054,True,True,True
L046,train_like_id,full,1.0,916b144867c340614f515c7b0e5415c74832d899c05264ded2a277a6e81d81ff,0,1.0,0.24477484822273254,0.7608731985092163,0.032819487154483795,0.03616853803396225,True,True,True
L047,train_like_id,full,1.0,916b144867c340614f515c7b0e5415c74832d899c05264ded2a277a6e81d81ff,0,1.0,0.25075793266296387,0.3239220976829529,0.02898741327226162,0.03561593219637871,True,True,True
L048,train_like_id,mild,0.8200531005859375,9d019ce3306b35f7c6296a9f338b8187970d0b98d62e28508a82ad40a6cced16,0,1.0,0.2550681233406067,0.40670347213745117,0.03936782851815224,0.03802712634205818,True,True,True
L049,train_like_id,full,1.0,916b144867c340614f515c7b0e5415c74832d899c05264ded2a277a6e81d81ff,0,1.0,0.261135458946228,0.5769034624099731,0.039525553584098816,0.04042413458228111,True,True,True
L050,train_like_id,full,1.0,916b144867c340614f515c7b0e5415c74832d899c05264ded2a277a6e81d81ff,0,1.0,0.26585859060287476,0.8241040110588074,0.02957320585846901,0.03310156241059303,True,True,True
L051,train_like_id,mild,0.8172454833984375,6b72e25825fe79bfed3fe7a289807b473f08ab2eb941f39b6cb6411e10c25acf,0,1.0,0.2722960114479065,0.5176774859428406,0.03526899218559265,0.03747817128896713,True,True,True
L052,train_like_id,mild,0.7908935546875,d3800a0be7b2264bec14139e1b55b34946fdda175fe74e4f7d09f5eeb37d6ceb,0,1.0,0.275783509016037,0.6558900475502014,0.029665693640708923,0.03158798813819885,True,True,True
L053,train_like_id,mild,0.73333740234375,aa1d4517e21dd9771429ca28ca2383d58099a32b245e4286089a9af032096bfa,0,1.0,0.2791794538497925,0.798896312713623,0.03481677174568176,0.030641864985227585,True,True,True
L054,train_like_id,strong,0.4815673828125,59a65e88bcf7484d1fb610781f6f10fa80af58c0966fce5ab06d1dff57bfd9f0,0,1.0,0.283672571182251,0.44013047218322754,0.033836644142866135,0.036846645176410675,True,True,True
L055,train_like_id,mild,0.7822723388671875,70235aebaa919f905c09af7cfa31dd0c3b6dc450e6755797739bda7c1f5beea7,0,1.0,0.29210326075553894,0.061439208686351776,0.03305405378341675,0.007700276095420122,True,True,True
L056,train_like_id,full,1.0,916b144867c340614f515c7b0e5415c74832d899c05264ded2a277a6e81d81ff,0,1.0,0.29763442277908325,0.976302981376648,0.041194409132003784,0.005054159555584192,True,True,True
L057,train_like_id,strong,0.6031494140625,dd8b47fbee38ba021df18e5483cdeb9d9f1bde4a12b0722e15dabe8ce22e45ea,0,1.0,0.30011212825775146,0.46911078691482544,0.03380231931805611,0.04063521698117256,True,True,True
L058,train_like_id,full,1.0,916b144867c340614f515c7b0e5415c74832d899c05264ded2a277a6e81d81ff,0,1.0,0.30791205167770386,0.04472395032644272,0.03751863166689873,0.00825855415314436,True,True,True
L059,train_like_id,mild,0.897308349609375,5330315568343e9c8acda1577423d7d84d574f3d65e717c0be9e8232d80afbfa,0,1.0,0.31143876910209656,0.17082971334457397,0.03689192607998848,0.03384046256542206,True,True,True
L060,train_like_id,full,1.0,916b144867c340614f515c7b0e5415c74832d899c05264ded2a277a6e81d81ff,0,1.0,0.3182077407836914,0.6139448285102844,0.04672354459762573,0.031976744532585144,True,True,True
L061,train_like_id,mild,0.8933563232421875,080a96321cf99c20b236de3e60d89906bb6db9860b16fa6f51f9968ef969a85b,0,1.0,0.3235810399055481,0.680872917175293,0.0406888946890831,0.04317409172654152,True,True,True
L062,train_like_id,mild,0.926788330078125,51b25abf32cb6ea20c15af24b4a08fe8f114c20acda046707b8aa2f16217d14d,0,1.0,0.3278377652168274,0.2592882812023163,0.028976507484912872,0.036316901445388794,True,True,True
L063,train_like_id,mild,0.83355712890625,c4bb0059201506e82d6765cf8fe123af4f46f68e6d5353b562e668ec4c884ba1,0,1.0,0.33313703536987305,0.7511268258094788,0.03552202880382538,0.03368760272860527,True,True,True
L064,train_like_id,mild,0.9058074951171875,05f548e62366284372f028bed391fb0e2a6f35369a6d282b1262261ae1c38b24,0,1.0,0.3382267653942108,0.14032518863677979,0.04774808511137962,0.024398542940616608,True,True,True
L065,train_like_id,full,1.0,916b144867c340614f515c7b0e5415c74832d899c05264ded2a277a6e81d81ff,0,1.0,0.3441322445869446,0.134379044175148,0.04020977020263672,0.019605377689003944,True,True,True
L066,train_like_id,full,1.0,916b144867c340614f515c7b0e5415c74832d899c05264ded2a277a6e81d81ff,0,1.0,0.3497281074523926,0.05513373762369156,0.0338393896818161,0.01010932307690382,True,True,True
L067,train_like_id,mild,0.8727264404296875,9043c4ea24d53ba345cb36cb375371d7d9220a42f175b477dd4a64e4a03c8985,0,1.0,0.35478904843330383,0.018390854820609093,0.030644794926047325,0.004585900343954563,True,True,True
L068,train_like_id,mild,0.791839599609375,873e846665356c5e6e35adb32619679c1b7929a8e618ab9c1e0ef06b5b161f23,0,1.0,0.3598161041736603,0.5786863565444946,0.031221074983477592,0.0333874337375164,True,True,True
L069,train_like_id,full,1.0,916b144867c340614f515c7b0e5415c74832d899c05264ded2a277a6e81d81ff,0,1.0,0.3659898042678833,0.36544641852378845,0.03631587326526642,0.040062882006168365,True,True,True
L070,train_like_id,strong,0.6014404296875,a0e24067791626e3a4791132c1a3e5463ad6caf6ad1931a5cb488d8a0fdfe3b3,0,1.0,0.3680998384952545,0.33090558648109436,0.04103030264377594,0.04437525197863579,True,True,True
L071,train_like_id,strong,0.4127197265625,dc32aab3168c49ddfb222ffc54e77a10c4b37dcefc31a8c033c807cd16b8c79c,0,1.0,0.3815813958644867,0.07874257117509842,0.03737308084964752,0.014527576044201851,True,True,True
L072,train_like_id,mild,0.839874267578125,ed540c6f49d97fe77ebbff6b966e313bba94a231f8b478b1c09655cc378c7e85,0,1.0,0.378295361995697,0.7335541248321533,0.04431939497590065,0.039578549563884735,True,True,True
L073,train_like_id,mild,0.92303466796875,a713276e9131b9a866e1b894b9975f6d9aece390fc3f3571c540b5dfcbd1bd89,0,1.0,0.3874555230140686,0.9443729519844055,0.0400511734187603,0.008650853298604488,True,True,True
L074,train_like_id,full,1.0,916b144867c340614f515c7b0e5415c74832d899c05264ded2a277a6e81d81ff,0,1.0,0.3915688395500183,0.2917354106903076,0.03635120019316673,0.04074082151055336,True,True,True
L075,train_like_id,full,1.0,916b144867c340614f515c7b0e5415c74832d899c05264ded2a277a6e81d81ff,0,1.0,0.3975391983985901,0.8345115184783936,0.03428148105740547,0.024694247171282768,True,True,True
L076,train_like_id,full,1.0,916b144867c340614f515c7b0e5415c74832d899c05264ded2a277a6e81d81ff,0,1.0,0.4027298092842102,0.7702295780181885,0.03868993744254112,0.0362207368016243,True,True,True
L077,train_like_id,full,1.0,916b144867c340614f515c7b0e5415c74832d899c05264ded2a277a6e81d81ff,0,1.0,0.4086796045303345,0.03430969640612602,0.03878767788410187,0.006321150343865156,True,True,True
L078,train_like_id,mild,0.816375732421875,caed89b19882de775f64bf0eb02c9ab148504db3bc3e2f877c0caadfc94b16a4,0,1.0,0.4140051007270813,0.5431543588638306,0.037222620099782944,0.037396226078271866,True,True,True
L079,train_like_id,full,1.0,916b144867c340614f515c7b0e5415c74832d899c05264ded2a277a6e81d81ff,0,1.0,0.41781702637672424,0.6761326789855957,0.03552478924393654,0.03762440010905266,True,True,True
L080,train_like_id,strong,0.676788330078125,e235e6ed3122d085db7d0c28992b847a8cc81ee172bd3e547d3d78ee10b87908,0,1.0,0.42165428400039673,0.2613987624645233,0.03679758310317993,0.03370291367173195,True,True,True
L081,train_like_id,full,1.0,916b144867c340614f515c7b0e5415c74832d899c05264ded2a277a6e81d81ff,0,1.0,0.4288507103919983,0.8086057901382446,0.03928624093532562,0.028992140665650368,True,True,True
L082,train_like_id,mild,0.869537353515625,de994993e6cafcf57445b2aa7a1c0bbe7f7418b89bf0a514fcecbdefead48f7f,0,1.0,0.43400120735168457,0.9187559485435486,0.03693743050098419,0.014909905381500721,True,True,True
L083,train_like_id,strong,0.426361083984375,63097c85a9cccc2e6288f5ffb6b25ae8edf0c10e1bbe466c0eda24ac37b274af,0,1.0,0.43765151500701904,0.3418469727039337,0.044050902128219604,0.04250282049179077,True,True,True
L084,train_like_id,strong,0.59783935546875,4af2cd05f02f2c38e1f8f45c1df61dbfa592b72dfdd665b8c93e224b41116392,0,1.0,0.44906431436538696,0.4191642105579376,0.03617992252111435,0.03137863799929619,True,True,True
L085,train_like_id,mild,0.7252197265625,b05062145fe2970457aab2950cde3c06b9716d0efd6feed686213e121247d401,0,1.0,0.4491713345050812,0.35545799136161804,0.04048610478639603,0.03297688812017441,True,True,True
L086,train_like_id,full,1.0,916b144867c340614f515c7b0e5415c74832d899c05264ded2a277a6e81d81ff,0,1.0,0.45526784658432007,0.12894460558891296,0.042198892682790756,0.02201850712299347,True,True,True
L087,train_like_id,mild,0.727264404296875,1674bb50e58be5b21264079c76b022417d2e9d002917c4758b13baf0a1c1b052,0,1.0,0.4599916636943817,0.4936560392379761,0.04450452700257301,0.03521086648106575,True,True,True
L088,train_like_id,mild,0.9060821533203125,1360b7f500dc66b57571a07701975697bdb38c1aa81e666b455115ee568b272d,0,1.0,0.46699240803718567,0.2396310716867447,0.04066024720668793,0.03225253149867058,True,True,True
L089,train_like_id,full,1.0,916b144867c340614f515c7b0e5415c74832d899c05264ded2a277a6e81d81ff,0,1.0,0.4705716371536255,0.6600185036659241,0.03783658519387245,0.03914622962474823,True,True,True
L090,train_like_id,mild,0.7607421875,ac2344ea0352d17860e0ae53b7f96984eacba2bfdb9a6b42b82dfda5d894ac25,0,1.0,0.4732988178730011,0.383211612701416,0.04202877730131149,0.03951304778456688,True,True,True
L091,train_like_id,strong,0.4395751953125,4a24c89f768e0f1fe25c1fd6b3e51cc4529809d85569a00e382a39a3b979b410,0,1.0,0.4809480607509613,0.9221346378326416,0.04357805475592613,0.011761863715946674,True,True,True
L092,train_like_id,full,1.0,916b144867c340614f515c7b0e5415c74832d899c05264ded2a277a6e81d81ff,0,1.0,0.4864276051521301,0.37084150314331055,0.03950467333197594,0.03643393516540527,True,True,True
L093,train_like_id,mild,0.8169708251953125,ae3fa602abb933ab94a5c11a70e1bb6f10c89c6d50336f050b739ccdcaa1bc62,0,1.0,0.49459102749824524,0.11403580009937286,0.04011191055178642,0.01724979840219021,True,True,True
L094,train_like_id,mild,0.89544677734375,0eb7c3c7f0806c0cf81de46fe120ec63aaab4b1df505893cde12a93236ba08e4,0,1.0,0.4976952075958252,0.39751285314559937,0.02531910315155983,0.034146614372730255,True,True,True
L095,train_like_id,strong,0.5973358154296875,453d2960b8a70c5843b3de838b4fb7b15c1f74615cc84ab507945c2c07c4cad6,0,1.0,0.49944451451301575,0.2057957798242569,0.030578037723898888,0.03428592532873154,True,True,True
L096,train_like_id,strong,0.434356689453125,9f748c1ccabb3d3791104a47b36ec2a7286c58ea8c06aeff7546a66ae1854573,0,1.0,0.5010610222816467,0.8974305391311646,0.031214917078614235,0.018177131190896034,True,True,True
L097,train_like_id,mild,0.7950592041015625,f8c06d84083fc41e9d1147194a92c8065a3a0399f04956d438a1e732c81b8c51,0,1.0,0.5140705704689026,0.7404403686523438,0.03597883880138397,0.038751378655433655,True,True,True
L098,train_like_id,mild,0.743011474609375,7b88c50f0021d7ea1a46f8051769b8bac4c6eede0d7a47fee4a9ebe0d5d3921a,0,1.0,0.5196571350097656,0.038968659937381744,0.03583550825715065,0.006509223487228155,True,True,True
L099,train_like_id,mild,0.8266754150390625,49abf974eaa35c352b61ea805b93b738aaa59a5a10eec24941482e2e76d51eaf,0,1.0,0.5258006453514099,0.9289575219154358,0.028464941307902336,0.012904568575322628,True,True,True
L100,train_like_id,full,1.0,916b144867c340614f515c7b0e5415c74832d899c05264ded2a277a6e81d81ff,0,1.0,0.5287941098213196,0.9341989755630493,0.035848136991262436,0.013690688647329807,True,True,True
L101,train_like_id,strong,0.430084228515625,e4444b94ef0541f9b579c2d85fc7e0c96be8789de5ae4e7fe56353ee733a2fba,0,1.0,0.5312057733535767,0.8656769394874573,0.03623597323894501,0.019101954996585846,True,True,True
L102,train_like_id,full,1.0,916b144867c340614f515c7b0e5415c74832d899c05264ded2a277a6e81d81ff,0,1.0,0.5395684242248535,0.4138385057449341,0.04063723608851433,0.03556966409087181,True,True,True
L103,train_like_id,mild,0.8832855224609375,eed08b0c908d82b99f81bea0832520fbe2bc18865b2a9c462c7da4d47e9b21ff,0,1.0,0.5443292260169983,0.6439858078956604,0.035314518958330154,0.041966311633586884,True,True,True
L104,train_like_id,mild,0.8477630615234375,efec78752ce26abaf8f1813639b5b560ab5918d04e35442715c1b93277620e1e,0,1.0,0.5510864853858948,0.0498214066028595,0.038533538579940796,0.005627608858048916,True,True,True
L105,train_like_id,mild,0.87322998046875,e070dda3f5f7dcd1db9cd037c8b2b17e71fbac7a3fb136f187ec553770a685d7,0,1.0,0.5553644895553589,0.4830952286720276,0.03370562568306923,0.03672696650028229,True,True,True
L106,train_like_id,full,1.0,916b144867c340614f515c7b0e5415c74832d899c05264ded2a277a6e81d81ff,0,1.0,0.5615478157997131,0.3765709102153778,0.028776947408914566,0.03105124831199646,True,True,True
L107,train_like_id,mild,0.749114990234375,8e88429bbea87b0d6d65473761e0ae9007149ae9362cc17df54b5f24f81cbfd4,0,1.0,0.5691067576408386,0.21063636243343353,0.035091083496809006,0.029825445264577866,True,True,True
L108,train_like_id,mild,0.7403106689453125,3b78999919dbf8237c0a9e7d3508f596498817140d1624a77330a46f4d38d2be,0,1.0,0.5737972855567932,0.7300317883491516,0.041628509759902954,0.04012672230601311,True,True,True
L109,train_like_id,full,1.0,916b144867c340614f515c7b0e5415c74832d899c05264ded2a277a6e81d81ff,0,1.0,0.5757436752319336,0.7809945344924927,0.03217790275812149,0.030241359025239944,True,True,True
L110,train_like_id,full,1.0,916b144867c340614f515c7b0e5415c74832d899c05264ded2a277a6e81d81ff,0,1.0,0.582091748714447,0.003008779603987932,0.02887308970093727,0.0028292674105614424,True,True,True
L111,train_like_id,mild,0.9274749755859375,23ba9148c80ec542ad3c573f0564ee61150760c41be41cdcc598bcb5fc80701a,0,1.0,0.5865599513053894,0.6082461476325989,0.034709375351667404,0.04359098896384239,True,True,True
L112,train_like_id,full,1.0,916b144867c340614f515c7b0e5415c74832d899c05264ded2a277a6e81d81ff,0,1.0,0.5916796326637268,0.8018859624862671,0.02933785505592823,0.03168472647666931,True,True,True
L113,train_like_id,mild,0.9016571044921875,b877872e5493282b95ccd7db424f1f211b5b5d7af183d71e3ae2cb46435261a8,0,1.0,0.5980208516120911,0.5563598871231079,0.03004751168191433,0.028681030496954918,True,True,True
L114,train_like_id,mild,0.7549896240234375,9d0d98a2f51cf142b76191e73cd1914c17d270eec04b984176bf43f6ee61afd8,0,1.0,0.6032290458679199,0.4753245711326599,0.031719330698251724,0.03522467240691185,True,True,True
L115,train_like_id,mild,0.79290771484375,a410d99536c3ccfba71b2fec373b97bc9d6736be1be22663169702eab6121c7d,0,1.0,0.6057948470115662,0.007961912080645561,0.034634485840797424,0.004235053434967995,True,True,True
L116,train_like_id,strong,0.360870361328125,65291253fcdbe8f393592846a70047f42f31a926a513e49c8b318d3561586653,0,1.0,0.6125653386116028,0.17786654829978943,0.03414612263441086,0.035480644553899765,True,True,True
L117,train_like_id,full,1.0,916b144867c340614f515c7b0e5415c74832d899c05264ded2a277a6e81d81ff,0,1.0,0.6193022727966309,0.5655086040496826,0.03975497558712959,0.04097909480333328,True,True,True
L118,train_like_id,full,1.0,916b144867c340614f515c7b0e5415c74832d899c05264ded2a277a6e81d81ff,0,1.0,0.6246013641357422,0.5131822824478149,0.03658520057797432,0.03653138130903244,True,True,True
L119,train_like_id,mild,0.891143798828125,2ac913ee9161905aafc20e0dfadf549f019267cbc79b8ebadfa2ee1d1b1d4db5,0,1.0,0.6275466680526733,0.2760480046272278,0.04063448682427406,0.04096118360757828,True,True,True
L120,train_like_id,strong,0.63916015625,e24955a0f30a440391b678a19521c68375171c17a8a86dc75e6da1280c6f679d,0,1.0,0.628592312335968,0.9606302976608276,0.0365615040063858,0.006432367023080587,True,True,True
L121,train_like_id,full,1.0,916b144867c340614f515c7b0e5415c74832d899c05264ded2a277a6e81d81ff,0,1.0,0.6400013566017151,0.8555768728256226,0.03251127526164055,0.021892080083489418,True,True,True
L122,train_like_id,strong,0.330322265625,b87e35efb9539e956564b8f969299ec9acfb11b2eec043e3e452c97db9e63546,0,1.0,0.6494072675704956,0.5384742021560669,0.034277044236660004,0.029358986765146255,True,True,True
L123,train_like_id,mild,0.85662841796875,ecccbd1c15e81312f26a79cafc99dccc9d4ed1190c37f29be8667ed6b8d82967,0,1.0,0.6490657925605774,0.1960872858762741,0.03543631732463837,0.029383692890405655,True,True,True
L124,train_like_id,mild,0.7566986083984375,55c770aaad7403e5688f623b0e9a333bebc8d36c93578f74daf15edbf18e0673,0,1.0,0.6554390788078308,0.7038775682449341,0.030140280723571777,0.03593059256672859,True,True,True
L125,train_like_id,strong,0.4286651611328125,a40347a20445c7f0fb8da5cbcb5184735ca938bd14e01913a482fbabd02e56fe,0,1.0,0.6556671261787415,0.600278377532959,0.04134688898921013,0.040997788310050964,True,True,True
L126,train_like_id,full,1.0,916b144867c340614f515c7b0e5415c74832d899c05264ded2a277a6e81d81ff,0,1.0,0.6655533313751221,0.6237432360649109,0.036355745047330856,0.03551631420850754,True,True,True
L127,train_like_id,full,1.0,916b144867c340614f515c7b0e5415c74832d899c05264ded2a277a6e81d81ff,0,1.0,0.6711028814315796,0.6281883716583252,0.039079129695892334,0.02768155001103878,True,True,True
L128,train_like_id,mild,0.8153533935546875,e916a78c5d59c58bced787b94a5c3474c4abf2ed2bf2e37bfe935e527c576093,0,1.0,0.6761435270309448,0.7460423707962036,0.04179585352540016,0.03467460721731186,True,True,True
L129,train_like_id,strong,0.535308837890625,7f9ca038340efebb7b5cafe92568bb5a3d3b19265005d68483e594b0da721d2a,0,1.0,0.6797546744346619,0.5063544511795044,0.03929496556520462,0.04605616256594658,True,True,True
L130,train_like_id,strong,0.3386688232421875,484e167eafc2e49a93457e8afe88335d04002e8633cbacddd1d395d582ee0646,0,1.0,0.6873108744621277,0.16074392199516296,0.034953802824020386,0.02213485725224018,True,True,True
L131,train_like_id,full,1.0,916b144867c340614f515c7b0e5415c74832d899c05264ded2a277a6e81d81ff,0,1.0,0.6923602819442749,0.2339831292629242,0.037945277988910675,0.03947002440690994,True,True,True
L132,train_like_id,full,1.0,916b144867c340614f515c7b0e5415c74832d899c05264ded2a277a6e81d81ff,0,1.0,0.6969491839408875,0.4967898726463318,0.035481274127960205,0.03924573212862015,True,True,True
L133,train_like_id,mild,0.82470703125,84def8f133aff1be7733231fac67e9ed0d32a5153e2682d91fdf3a7cca7b0a1c,0,1.0,0.7016464471817017,0.4407207667827606,0.04342525824904442,0.034205444157123566,True,True,True
L134,train_like_id,mild,0.908538818359375,2c127c53d68a98ef093742d821398bebee7f5a5c34c0c254e3eccf8febc181c9,0,1.0,0.7086526155471802,0.02372700348496437,0.033295053988695145,0.004837700165808201,True,True,True
L135,train_like_id,full,1.0,916b144867c340614f515c7b0e5415c74832d899c05264ded2a277a6e81d81ff,0,1.0,0.7138534784317017,0.25519561767578125,0.03639741241931915,0.04108642786741257,True,True,True
L136,train_like_id,strong,0.6557464599609375,cee351dd5d4069aee1f434369b16180f5fe0baa488cc9ad07e60ff51564fb2b4,0,1.0,0.7169816493988037,0.24626173079013824,0.0415048748254776,0.0355583056807518,True,True,True
L137,train_like_id,strong,0.652191162109375,79654f6a5695a7b279170613f6d44abfe000d7d093b5cf7ac16be7bcc87bdfd8,0,1.0,0.7231559753417969,0.7878997921943665,0.02946850098669529,0.03593641147017479,True,True,True
L138,train_like_id,full,1.0,916b144867c340614f515c7b0e5415c74832d899c05264ded2a277a6e81d81ff,0,1.0,0.7289073467254639,0.9869018793106079,0.028895074501633644,0.005363579373806715,True,True,True
L139,train_like_id,mild,0.778564453125,f593e20eeacf97a4b334c1a9e50b75ad781de471e1a037aade62993acb6250f7,0,1.0,0.7312890887260437,0.3022257685661316,0.028540417551994324,0.03535410016775131,True,True,True
L140,train_like_id,strong,0.3394317626953125,3538872aeeaa63e22f5ce2c0031880710692c7cfb3f6a4a561d2f955ac37ab56,0,1.0,0.7395676970481873,0.5552489161491394,0.03714624047279358,0.04007609188556671,True,True,True
L141,train_like_id,mild,0.76983642578125,9a418e08033380393baa627f555a2ceda5a54c87956d66b6d97c23a4e5d35ceb,0,1.0,0.7437751293182373,0.5715184211730957,0.03946416452527046,0.03634454682469368,True,True,True
L142,train_like_id,strong,0.57452392578125,bfc87ab496c21215536d230dc90ee3bd4705960acb6eb7b4fd41ee1f1737afe0,0,1.0,0.7459976673126221,0.31207573413848877,0.03214980289340019,0.032796718180179596,True,True,True
L143,train_like_id,mild,0.881805419921875,992c31f0c196fd87c60cb7f1523c8f9ffe9d320ea766244fa4078682edc9d23b,0,1.0,0.7523882389068604,0.3307175934314728,0.03307337686419487,0.04140973463654518,True,True,True
L144,train_like_id,full,1.0,916b144867c340614f515c7b0e5415c74832d899c05264ded2a277a6e81d81ff,0,1.0,0.7599959373474121,0.897485613822937,0.03620291128754616,0.01601472869515419,True,True,True
L145,train_like_id,mild,0.73016357421875,9f5d81af614885bb6cd6967b99c7870a1d8838c2bf27e7e58dd2f55ab49ef876,0,1.0,0.7685743570327759,0.9032856822013855,0.03500601276755333,0.014072016812860966,True,True,True
L146,train_like_id,mild,0.9225921630859375,05ba5bfe41aa468db322dc731f978cfa809bbdb9f5c7866d8601f1b54d0080cf,0,1.0,0.7699287533760071,0.18165509402751923,0.03179829940199852,0.030543973669409752,True,True,True
L147,train_like_id,full,1.0,916b144867c340614f515c7b0e5415c74832d899c05264ded2a277a6e81d81ff,0,1.0,0.7761956453323364,0.6180110573768616,0.03745131194591522,0.031628549098968506,True,True,True
L148,train_like_id,full,1.0,916b144867c340614f515c7b0e5415c74832d899c05264ded2a277a6e81d81ff,0,1.0,0.7829064130783081,0.6875094771385193,0.037386804819107056,0.04056632146239281,True,True,True
L149,train_like_id,full,1.0,916b144867c340614f515c7b0e5415c74832d899c05264ded2a277a6e81d81ff,0,1.0,0.7872348427772522,0.19188518822193146,0.036633074283599854,0.033225636929273605,True,True,True
L150,train_like_id,full,1.0,916b144867c340614f515c7b0e5415c74832d899c05264ded2a277a6e81d81ff,0,1.0,0.7929646968841553,0.9552179574966431,0.033140312880277634,0.008897514082491398,True,True,True
L151,train_like_id,full,1.0,916b144867c340614f515c7b0e5415c74832d899c05264ded2a277a6e81d81ff,0,1.0,0.7978271245956421,0.6660889983177185,0.027118222787976265,0.02903403900563717,True,True,True
L152,train_like_id,strong,0.3620147705078125,6e51b529de5c970fb367f1ccd4fcd9cb5a723cccb9e7e26da07a9132a817fca8,0,1.0,0.8075571060180664,0.22573107481002808,0.027409380301833153,0.03837115690112114,True,True,True
L153,train_like_id,full,1.0,916b144867c340614f515c7b0e5415c74832d899c05264ded2a277a6e81d81ff,0,1.0,0.8082669973373413,0.7186011075973511,0.030345182865858078,0.03948359936475754,True,True,True
L154,train_like_id,mild,0.7488555908203125,e77af746833b531fe8602a57b76122bad4fe98bdbe64e5ac0166ad633e6874f0,0,1.0,0.8144745826721191,0.0769585520029068,0.03315576910972595,0.01271191518753767,True,True,True
L155,train_like_id,mild,0.7828216552734375,5ccaa41d5bb6b669f291f092c3be6ecea12e5bbc00d64625d376366d0d89fbe3,0,1.0,0.8156570792198181,0.8204485774040222,0.03055032342672348,0.033073797821998596,True,True,True
L156,train_like_id,strong,0.532196044921875,fbffa26e93bab4d8384daa4981693cccf693c2e5274bf2882f2c78586a4fd5ba,0,1.0,0.82297682762146,0.9509314298629761,0.03083239495754242,0.00826252531260252,True,True,True
L157,train_like_id,strong,0.65869140625,8e633eb15ec718e91b2055d777bfa34d80d5c1ce7d8f4ecfe794ea93d0c15012,0,1.0,0.826805055141449,0.5211347937583923,0.03369328752160072,0.0402803048491478,True,True,True
L158,train_like_id,mild,0.7798309326171875,24689e72ed7d7547d4de24720b106ebb596ac0a27f7278bffd814ff2b6abf0fa,0,1.0,0.8343334794044495,0.7923932671546936,0.026264144107699394,0.03603146970272064,True,True,True
L159,train_like_id,mild,0.9052886962890625,3ccc1cc75fd4d88b3d499f2868d2813a60c114cbecc4c5a54234ea2092c7ea32,0,1.0,0.8404735326766968,0.9816508293151855,0.0272664874792099,0.005103433504700661,True,True,True
L160,train_like_id,full,1.0,916b144867c340614f515c7b0e5415c74832d899c05264ded2a277a6e81d81ff,0,1.0,0.8449400663375854,0.09740832448005676,0.02874770201742649,0.01504120696336031,True,True,True
L161,train_like_id,full,1.0,916b144867c340614f515c7b0e5415c74832d899c05264ded2a277a6e81d81ff,0,1.0,0.8500904440879822,0.7761805057525635,0.02376444637775421,0.03428631275892258,True,True,True
L162,train_like_id,mild,0.9013824462890625,e9259689f63e337b9434ef8aaf0c916537306b2a3d8a901837816833899de62f,0,1.0,0.8547956347465515,0.18510101735591888,0.024413011968135834,0.03286472335457802,True,True,True
L163,train_like_id,mild,0.8273773193359375,eb743e0a8595226203f4db74a59eaaf1f8b87d379bbbe2edaa04ac9cb956b3be,0,1.0,0.860557496547699,0.10293244570493698,0.025925124064087868,0.016744982451200485,True,True,True
L164,train_like_id,strong,0.555267333984375,6435a06323b41831f7b94f07936e7f05424818b38d3b34fbbf74c5eac7e44660,0,1.0,0.869606077671051,0.21335381269454956,0.020625201985239983,0.034853070974349976,True,True,True
L165,train_like_id,full,1.0,916b144867c340614f515c7b0e5415c74832d899c05264ded2a277a6e81d81ff,0,1.0,0.8708409070968628,0.028893359005451202,0.023158757016062737,0.00454282620921731,True,True,True
L166,train_like_id,mild,0.9076995849609375,278621c637bf853e71dc2f90c7100d2f2c85c92e6b0579306a04af227e895ed7,0,1.0,0.8751909136772156,0.6413356065750122,0.017884129658341408,0.03232492133975029,True,True,True
L167,train_like_id,mild,0.876495361328125,ded3d9be8505f2a5a7926803ceb04c6da4711332531d262c32311bf86f295c64,0,1.0,0.8804941773414612,0.46523988246917725,0.01491871289908886,0.03502931818366051,True,True,True
L168,train_like_id,full,1.0,916b144867c340614f515c7b0e5415c74832d899c05264ded2a277a6e81d81ff,0,1.0,0.8869743943214417,0.7134045362472534,0.01905953697860241,0.031056836247444153,True,True,True
L169,train_like_id,full,1.0,916b144867c340614f515c7b0e5415c74832d899c05264ded2a277a6e81d81ff,0,1.0,0.8928718566894531,0.11812256276607513,0.01996363140642643,0.016930004581809044,True,True,True
L170,train_like_id,full,1.0,916b144867c340614f515c7b0e5415c74832d899c05264ded2a277a6e81d81ff,0,1.0,0.8973585367202759,0.450251042842865,0.01578160934150219,0.04227548837661743,True,True,True
L171,train_like_id,mild,0.9136199951171875,4650b2356ee1883f8655b8fb7b6da1fac811514a5360efb972dbe9c00f31802a,0,1.0,0.9030812382698059,0.9657996892929077,0.017483064904808998,0.005288088694214821,True,True,True
L172,train_like_id,strong,0.6644134521484375,fcff72bd7596d55297687e5bc9ef39e387eb8cc6ef4292531d757898f03cb66b,0,1.0,0.9092315435409546,0.32420188188552856,0.015452188439667225,0.03809228539466858,True,True,True
L173,train_like_id,full,1.0,916b144867c340614f515c7b0e5415c74832d899c05264ded2a277a6e81d81ff,0,1.0,0.91319340467453,0.14913293719291687,0.015974009409546852,0.027629399672150612,True,True,True
L174,train_like_id,mild,0.8756103515625,411fde1d8f28b1cebf7f84172d04bda3bdad31ca98715579598fd2f98a9e1ba7,0,1.0,0.9179758429527283,0.10669398307800293,0.012318846769630909,0.018090534955263138,True,True,True
L175,train_like_id,full,1.0,916b144867c340614f515c7b0e5415c74832d899c05264ded2a277a6e81d81ff,0,1.0,0.923784613609314,0.7551862001419067,0.013277227059006691,0.03214776888489723,True,True,True
L176,train_like_id,full,1.0,916b144867c340614f515c7b0e5415c74832d899c05264ded2a277a6e81d81ff,0,1.0,0.9289298057556152,0.429048627614975,0.008478240109980106,0.04073566943407059,True,True,True
L177,train_like_id,mild,0.872589111328125,aa07dae85f4cb34897cd25043eefe73db3bb40b26a495bfb5e053f9ca53c5a8f,0,1.0,0.9343938827514648,0.5873981714248657,0.008749404922127724,0.032473646104335785,True,True,True
L178,train_like_id,full,1.0,916b144867c340614f515c7b0e5415c74832d899c05264ded2a277a6e81d81ff,0,1.0,0.9392908215522766,0.5341153144836426,0.009704197756946087,0.038047756999731064,True,True,True
L179,train_like_id,mild,0.87646484375,d8c0d7592f3f1ec148de36af36049611c16ecd2d433119b027605c982bfa0870,0,1.0,0.9443323612213135,0.8719965815544128,0.010221337899565697,0.01952468976378441,True,True,True
L180,train_like_id,strong,0.503570556640625,c5dc68cc3d1a3e9c47e0c736965784503843434cd2c7b9b5909af605fd4d8f41,0,1.0,0.950278103351593,0.44220009446144104,0.009751487523317337,0.02764042280614376,True,True,True
L181,train_like_id,mild,0.8269500732421875,fdb4ec189cbcf338bfcba26a969023fdfeba4bf5efaae7dd2f4c3bc0a1ce5954,0,1.0,0.9553537368774414,0.8766494393348694,0.008047064766287804,0.019454985857009888,True,True,True
L182,train_like_id,strong,0.6525726318359375,a3554bae36da0be7ce0c4879a59d17622bd4db19766bb0ec689d8f0e475b3d59,0,1.0,0.9601200222969055,0.3889907896518707,0.006006541196256876,0.026889203116297722,True,True,True
L183,train_like_id,mild,0.8435821533203125,a05ba94b370cb3bff686045c8dda238bd79655bf2f0e9144430ed922da72ee8b,0,1.0,0.9656941294670105,0.9966191053390503,0.005822700448334217,0.0034433919936418533,True,True,True
L184,train_like_id,mild,0.7740631103515625,4e74742ebd9729077bce17b4e8f0d824f2c429418467df894b984292ce976bac,0,1.0,0.9710448980331421,0.28206029534339905,0.004217206500470638,0.034189336001873016,True,True,True
L185,train_like_id,mild,0.765289306640625,da58a872a2a7814488a3654457434f86f79c61ff878e69d88c0a8acb5dfc92e9,0,1.0,0.976525604724884,0.35761401057243347,0.004627353046089411,0.03661232069134712,True,True,True
L186,train_like_id,full,1.0,916b144867c340614f515c7b0e5415c74832d899c05264ded2a277a6e81d81ff,0,1.0,0.9815118312835693,0.24545323848724365,0.005008529406040907,0.03360815346240997,True,True,True
L187,train_like_id,full,1.0,916b144867c340614f515c7b0e5415c74832d899c05264ded2a277a6e81d81ff,0,1.0,0.9868859648704529,0.1552196741104126,0.004352215211838484,0.027008160948753357,True,True,True
L188,train_like_id,strong,0.338531494140625,3b7b7d5d6351ff558607134b1a39378dd6ff235a30dd1b851eeca3f6bae753f7,0,1.0,0.993611216545105,0.1638045758008957,0.004037367645651102,0.023035481572151184,True,True,True
L189,train_like_id,mild,0.84832763671875,c8242a8f868366d4c0676e41bfcddb9c782160fd17e85e574bd444ba506df69d,0,1.0,0.9965611696243286,0.827154815196991,0.0037091518752276897,0.028782496228814125,True,True,True
L190,validation_like_id,full,1.0,916b144867c340614f515c7b0e5415c74832d899c05264ded2a277a6e81d81ff,0,1.0,0.02637765370309353,0.5524000525474548,0.005064140539616346,0.03575346991419792,True,True,True
L191,validation_like_id,full,1.0,916b144867c340614f515c7b0e5415c74832d899c05264ded2a277a6e81d81ff,0,1.0,0.07893964648246765,0.4472871422767639,0.010809958912432194,0.03664609417319298,True,True,True
L192,validation_like_id,strong,0.6419525146484375,501c449c5ec9b898031b50e1cd94e530049935386e2a08b19b17284e4bcf2b96,0,1.0,0.129237100481987,0.7642039656639099,0.021283939480781555,0.03244638442993164,True,True,True
L193,validation_like_id,full,1.0,916b144867c340614f515c7b0e5415c74832d899c05264ded2a277a6e81d81ff,0,1.0,0.18407157063484192,0.39448773860931396,0.030733825638890266,0.03516963869333267,True,True,True
L194,validation_like_id,mild,0.87677001953125,da398904f75c07b37c4d336803b4b58317f316b1187d9ebe04efa917fc4244d2,0,1.0,0.23770496249198914,0.9736727476119995,0.03288905695080757,0.00502719497308135,True,True,True
L195,validation_like_id,mild,0.8534088134765625,904137cd834d166c50af0a13da2c8e777b5f2b98719733037171a41964c0e871,0,1.0,0.28812816739082336,0.5041468739509583,0.035019658505916595,0.038546930998563766,True,True,True
L196,validation_like_id,mild,0.85308837890625,ad1c0da6ee67df258da589b0f4da0366c96d81e43d02b550c0af233f0cc250b8,0,1.0,0.34357553720474243,0.8681859970092773,0.03543373942375183,0.02257774956524372,True,True,True
L197,validation_like_id,full,1.0,916b144867c340614f515c7b0e5415c74832d899c05264ded2a277a6e81d81ff,0,1.0,0.39343976974487305,0.6582303047180176,0.03809373080730438,0.037142857909202576,True,True,True
L198,validation_like_id,mild,0.858184814453125,0f773a66d9c88337deaab17582ffd3eb2b1bd6b0fa8dc8203f171520430bd70e,0,1.0,0.4480457007884979,0.2890043258666992,0.036019857972860336,0.03624891862273216,True,True,True
L199,validation_like_id,full,1.0,916b144867c340614f515c7b0e5415c74832d899c05264ded2a277a6e81d81ff,0,1.0,0.4999236762523651,0.18395403027534485,0.03379074111580849,0.032225772738456726,True,True,True
L200,validation_like_id,mild,0.81793212890625,23e05302427ff6ffd1cf46a59b262ec0070affa0bd53cc3ecc6a8a803c804bcc,0,1.0,0.5516685247421265,0.23725207149982452,0.034112054854631424,0.03665165603160858,True,True,True
L201,validation_like_id,mild,0.758880615234375,f2b911c0d7ffc0ee34a954f2527ed93e5ac0f7b7ea48e04823844939a8023f1c,0,1.0,0.6045349836349487,0.7135573625564575,0.03571454435586929,0.04183906689286232,True,True,True
L202,validation_like_id,mild,0.9294586181640625,6b2f1ddc1b248e2a850f5bcd4209967361ca0c31c4ed203b2ff04ccf56a95e72,0,1.0,0.6569511890411377,0.131391242146492,0.0394115187227726,0.018880683928728104,True,True,True
L203,validation_like_id,full,1.0,916b144867c340614f515c7b0e5415c74832d899c05264ded2a277a6e81d81ff,0,1.0,0.7090086936950684,0.026330899447202682,0.04334133863449097,0.004587680101394653,True,True,True
L204,validation_like_id,full,1.0,916b144867c340614f515c7b0e5415c74832d899c05264ded2a277a6e81d81ff,0,1.0,0.7631709575653076,0.9209965467453003,0.03587295114994049,0.011775095947086811,True,True,True
L205,validation_like_id,strong,0.5154876708984375,d6ac79b600ce5fd54f2591adacd047af7b1d966abe6953398df07aeadf177ef2,0,1.0,0.8113442659378052,0.07881804555654526,0.028769541531801224,0.013484923169016838,True,True,True
L206,validation_like_id,mild,0.86383056640625,eab98ac674505a503b47547828e4dfd78a425d138042b17ce21649a59ec205f3,0,1.0,0.8684885501861572,0.8154109120368958,0.024165987968444824,0.029353326186537743,True,True,True
L207,validation_like_id,full,1.0,916b144867c340614f515c7b0e5415c74832d899c05264ded2a277a6e81d81ff,0,1.0,0.9209191203117371,0.34120869636535645,0.015705497935414314,0.037876829504966736,True,True,True
L208,validation_like_id,strong,0.3983154296875,2333b45a55db74efb4398f99730ad93889f9d004c904713de746159b8ee57a50,0,1.0,0.9731442332267761,0.5998029112815857,0.004626091569662094,0.04041650518774986,True,True,True
L209,id_test,strong,0.5629730224609375,9fc347c842456320ad619587ff11c897c3a6c5696bf3081d060a026e7a034ffc,0,1.0,0.026940185576677322,0.6121397614479065,0.004095288924872875,0.041615020483732224,True,True,True
L210,id_test,mild,0.8364105224609375,3140a56aec6c81c3cf70b9d75392e3f1254b8aad53a4477dc2964e4a78ae85ca,0,1.0,0.07816875725984573,0.07908201962709427,0.014634175226092339,0.012972318567335606,True,True,True
L211,id_test,mild,0.9178924560546875,f6c8a365bb68380a5ec792f25c7b396b2f6a4e5ba8c9b6fc951f8936ced4c7a3,0,1.0,0.13126222789287567,0.6594794392585754,0.025927068665623665,0.04280776157975197,True,True,True
L212,id_test,full,1.0,916b144867c340614f515c7b0e5415c74832d899c05264ded2a277a6e81d81ff,0,1.0,0.18432502448558807,0.7633922100067139,0.0337100550532341,0.0347265750169754,True,True,True
L213,id_test,mild,0.8749542236328125,7e2ce98952ae9c07da61052b56e937243e3a69866370864e9702413cde45bb3a,0,1.0,0.23765191435813904,0.8152264952659607,0.03839738667011261,0.027397576719522476,True,True,True
L214,id_test,mild,0.8961639404296875,1ce61c7011dfd790394ed50b6e3ed910f8493115a7fec00508a01d0c6bc93594,0,1.0,0.2917202115058899,0.3919548988342285,0.030766218900680542,0.0422665998339653,True,True,True
L215,id_test,strong,0.656707763671875,9e6fcd861da275396de3985554f24139744a34e7fd6ffe87d8b519bf5f097f15,0,1.0,0.3469918668270111,0.340908020734787,0.03985259309411049,0.034819189459085464,True,True,True
L216,id_test,full,1.0,916b144867c340614f515c7b0e5415c74832d899c05264ded2a277a6e81d81ff,0,1.0,0.39543455839157104,0.1838691532611847,0.04037487879395485,0.026591286063194275,True,True,True
L217,id_test,full,1.0,916b144867c340614f515c7b0e5415c74832d899c05264ded2a277a6e81d81ff,0,1.0,0.4471137225627899,0.5529735088348389,0.03844232112169266,0.03913741558790207,True,True,True
L218,id_test,full,1.0,916b144867c340614f515c7b0e5415c74832d899c05264ded2a277a6e81d81ff,0,1.0,0.5008153319358826,0.026297278702259064,0.04325564578175545,0.005149119067937136,True,True,True
L219,id_test,mild,0.7702178955078125,617cf96d86e03fde6a4d2aa725ebd202cd96ba68c4a6fa23d4a3b5598e6ef115,0,1.0,0.5506004095077515,0.8676611185073853,0.032836928963661194,0.022295929491519928,True,True,True
L220,id_test,full,1.0,916b144867c340614f515c7b0e5415c74832d899c05264ded2a277a6e81d81ff,0,1.0,0.6051509380340576,0.23670923709869385,0.034011103212833405,0.03483288362622261,True,True,True
L221,id_test,full,1.0,916b144867c340614f515c7b0e5415c74832d899c05264ded2a277a6e81d81ff,0,1.0,0.6582307815551758,0.4996640682220459,0.0385095439851284,0.03245754912495613,True,True,True
L222,id_test,strong,0.576995849609375,73c9c1147268e43e1776a5e3a0685d6991ce7be2d025c68202a3fcebe9a65e33,0,1.0,0.7096548080444336,0.28383585810661316,0.04040771350264549,0.03987820819020271,True,True,True
L223,id_test,mild,0.849517822265625,cec4c5f8d0ea3a61f8be6c1412c5f60180e5b8ff4b1711fdfd6a7dfe5310db71,0,1.0,0.7613192200660706,0.1293598711490631,0.031214023008942604,0.028369378298521042,True,True,True
L224,id_test,mild,0.8398284912109375,636bf20ba55d6d6dd8a5bcf0a2c1be44ef1b12eabef6c754b37ef1be56257256,0,1.0,0.8147346377372742,0.4471141993999481,0.03486676141619682,0.04115570709109306,True,True,True
L225,id_test,mild,0.823089599609375,83e24cfa4ead021fa3194ba35f3cbfa645ebc20260279a2fcf4d419132b13c3a,0,1.0,0.8687635064125061,0.7099459171295166,0.024870524182915688,0.041289325803518295,True,True,True
L226,id_test,full,1.0,916b144867c340614f515c7b0e5415c74832d899c05264ded2a277a6e81d81ff,0,1.0,0.9210643172264099,0.9737107753753662,0.013842890039086342,0.004342648200690746,True,True,True
L227,id_test,full,1.0,916b144867c340614f515c7b0e5415c74832d899c05264ded2a277a6e81d81ff,0,1.0,0.9737625122070312,0.9210107922554016,0.0043315766379237175,0.012916459701955318,True,True,True
L228,camera_ood,mild,0.9238128662109375,13a2d57e8729f88599bf1a6a6695a5db6ef460687e290f3d446240f88c2d4ba5,0,1.0,0.05013645812869072,0.24938435852527618,0.008502330631017685,0.03788261488080025,True,True,True
L229,camera_ood,strong,0.3817596435546875,483e4a213f526c9315d0b293024996f07e7cf96192f0c19f94122db8bb573770,0,1.0,0.15209347009658813,0.44759249687194824,0.024242809042334557,0.03059394285082817,True,True,True
L230,camera_ood,full,1.0,916b144867c340614f515c7b0e5415c74832d899c05264ded2a277a6e81d81ff,0,1.0,0.25031453371047974,0.8497687578201294,0.03453412279486656,0.022228917106986046,True,True,True
L231,camera_ood,full,1.0,916b144867c340614f515c7b0e5415c74832d899c05264ded2a277a6e81d81ff,0,1.0,0.35008254647254944,0.9498691558837891,0.03194589912891388,0.007254302501678467,True,True,True
L232,camera_ood,strong,0.403961181640625,ac1df7c8a7b1e1ab65dfffc7475c31b27b833c1a8cce91726e9158dc7a304a98,0,1.0,0.45083677768707275,0.5456302762031555,0.04312582314014435,0.03174569830298424,True,True,True
L233,camera_ood,mild,0.8237457275390625,c9f9a17e43a2adecc546844de0d5d87567458b02f6e1fbce4fe0fa66499043fc,0,1.0,0.5512592196464539,0.3493679463863373,0.02881055884063244,0.03411831334233284,True,True,True
L234,camera_ood,full,1.0,916b144867c340614f515c7b0e5415c74832d899c05264ded2a277a6e81d81ff,0,1.0,0.6496599912643433,0.6499114036560059,0.03415992856025696,0.04189985245466232,True,True,True
L235,camera_ood,full,1.0,916b144867c340614f515c7b0e5415c74832d899c05264ded2a277a6e81d81ff,0,1.0,0.7488473653793335,0.1498040109872818,0.03722642734646797,0.021263863891363144,True,True,True
L236,camera_ood,mild,0.849945068359375,e354e1cd1407281a91df1d313d12501ca96a1d0fc88c5be76ead56fa2d6c276e,0,1.0,0.8490855693817139,0.7506511211395264,0.029000455513596535,0.04053470119833946,True,True,True
L237,camera_ood,mild,0.8712310791015625,236206cb8a4ffbb87dcad526f0b3997ea90bf58c183238ae0b5a7aa83bc8a8b8,0,1.0,0.950221836566925,0.04999559000134468,0.008381197229027748,0.00956814270466566,True,True,True
L238,light_ood,strong,0.4778900146484375,12e563c92874d4d31ee2b5d6dc7e058e092f04707f7a75222c8356a7f8a384c6,0,1.0,0.055726680904626846,0.05536122992634773,0.008755190297961235,0.011784523725509644,True,True,True
L239,light_ood,mild,0.8635711669921875,0ef440056e41d2c282bf68c57e1d0b986a27d333726de1fcddf556f1f3609a59,0,1.0,0.16869455575942993,0.9443798065185547,0.029436174780130386,0.008892235346138477,True,True,True
L240,light_ood,full,1.0,916b144867c340614f515c7b0e5415c74832d899c05264ded2a277a6e81d81ff,0,1.0,0.2761439085006714,0.277845561504364,0.038799136877059937,0.029842505231499672,True,True,True
L241,light_ood,full,1.0,916b144867c340614f515c7b0e5415c74832d899c05264ded2a277a6e81d81ff,0,1.0,0.3886183500289917,0.4996402859687805,0.04015391319990158,0.025736352428793907,True,True,True
L242,light_ood,strong,0.677642822265625,cfd883877f5a34e1ca3aefbde98d49cffdef310c2adcc68aed64332ed2ae1b35,0,1.0,0.5031749606132507,0.39096975326538086,0.04518381133675575,0.04195665940642357,True,True,True
L243,light_ood,mild,0.7778472900390625,ab9d9871b756f78fa1793409f44985ed962ff313fe42f07d85c23e93213efe86,0,1.0,0.6079248189926147,0.7208300828933716,0.0284553375095129,0.03280523046851158,True,True,True
L244,light_ood,strong,0.6134490966796875,086c310de9cc9418a9697678e552a8ff53776726ad071033af31ffe0c0841dc4,0,1.0,0.7179479598999023,0.6033878326416016,0.038115955889225006,0.040519095957279205,True,True,True
L245,light_ood,full,1.0,916b144867c340614f515c7b0e5415c74832d899c05264ded2a277a6e81d81ff,0,1.0,0.8334711790084839,0.8331696391105652,0.02624763734638691,0.028294313699007034,True,True,True
L246,light_ood,mild,0.919708251953125,6a322eb890d337b938055bb273304888f8e5adb7de9556fbd7b41545ba0fb518,0,1.0,0.9445692896842957,0.16691172122955322,0.009335163980722427,0.028416253626346588,True,True,True
L247,joint_ood,full,1.0,916b144867c340614f515c7b0e5415c74832d899c05264ded2a277a6e81d81ff,0,1.0,0.055465735495090485,0.3888024687767029,0.009303295984864235,0.038730114698410034,True,True,True
L248,joint_ood,full,1.0,916b144867c340614f515c7b0e5415c74832d899c05264ded2a277a6e81d81ff,0,1.0,0.16694754362106323,0.6109864711761475,0.024462824687361717,0.03988233208656311,True,True,True
L249,joint_ood,mild,0.8003692626953125,5ba1fbf2de574fb24585fce3ca2ffa5044a5bb9d471a5e1290af2568ee485f99,0,1.0,0.2755545377731323,0.7215562462806702,0.03576814755797386,0.02579069882631302,True,True,True
L250,joint_ood,strong,0.360198974609375,07d7f3e9a62d4e8a79636cde4b43dd0d50bf37917791525181df48f2486dfba5,0,1.0,0.3826320767402649,0.9452191591262817,0.03823002427816391,0.00909404270350933,True,True,True
L251,joint_ood,strong,0.5287933349609375,4a4b7bb7d0c06e2408d37e74118b755b58f4d66bcb78ae6969dcb489ae4f4159,0,1.0,0.4994446337223053,0.16918276250362396,0.04042734205722809,0.023787079378962517,True,True,True
L252,joint_ood,mild,0.7597808837890625,2ff364e8d6c44c941b9f99d7b3e458c159a3bbf9949b7564c9e5f5ebf605fad4,0,1.0,0.6098743081092834,0.05594920739531517,0.03312775865197182,0.008482161909341812,True,True,True
L253,joint_ood,full,1.0,916b144867c340614f515c7b0e5415c74832d899c05264ded2a277a6e81d81ff,0,1.0,0.72261643409729,0.4993261694908142,0.031139835715293884,0.03236447274684906,True,True,True
L254,joint_ood,strong,0.392486572265625,20505445fdae9c87598727381a0611b50a6193998aa9bce92f02662e047dd8e6,0,1.0,0.8300766944885254,0.834263801574707,0.032044872641563416,0.019187137484550476,True,True,True
L255,joint_ood,mild,0.8645477294921875,3ca49ee73eb70632e827dee63bd4b42b8dfb533208f0d6a56cc7a86e47a54ef4,0,1.0,0.9440922141075134,0.27797210216522217,0.009481174871325493,0.040305498987436295,True,True,True
