path,sha256
compact_storage\L000.npz,394c043a79f398572123080c1f037afea9c2fbb7746fcd7c79d6b0693c169ee9
compact_storage\L001.npz,6bfa1dc552432db9126b6020ac03cc824ddb4169f9aebc078242659e29f8344b
compact_storage\L002.npz,8d6a4923006041a4c152b078de9bf5a3deec5ec3f5c8b3ae4aa13621d9f05506
compact_storage\L003.npz,7faa42823f332f45f43378b01ce1e2f7725bb34cd753f4ca1fc56182c6364f00
compact_storage\L004.npz,42848b91d8e7c95c622dcdf38d752434b621f429e554c40348143d7ee6cf0b69
compact_storage\L005.npz,3281b24e439cd4105f44b3bb7f998e53600811359f45bbce7a052b972453b5f4
compact_storage\L006.npz,f47f9a8a0d2da8e65c1ae20eb8679f964ae4e15db7148a48ac55d357b522d7b3
compact_storage\L007.npz,69aa8ba22aeac906830d5a6bc40df42f63b3b9def28b78014e6e510ae936d66f
compact_storage\L008.npz,3205204f7b591056a8892a27c0ee4f51fed8af437073095004a796697bc779b7
compact_storage\L009.npz,5968d7938753e0666e3a119137f58261b93c092b854368e33dce28be5d230279
compact_storage\L010.npz,41611a4c0dd932c72258e656921f704295929c3fbffc20666d532d0ca0da61be
compact_storage\L011.npz,15a2d09b8eceaabeecd1c2ce6b0d22e799bcc2854a264fc771a47d3c47ecff90
compact_storage\L012.npz,5cd591e4301c88188c74e3c019accb9d8204c193c6b57599d27f28fd382405dc
compact_storage\L013.npz,0fa5847a03085d50a28bc6a1da2a2db9e8a0aa1e829c37ee8bffcc2fa0ed5169
compact_storage\L014.npz,2eeee51257b120b6f46b24a087d0e8bb96d2d1b365fdbdda6a0fb3be718264eb
compact_storage\L015.npz,559697cf3cc26a2fc813c208a4cd4d133b6943363392c8a23352e0166f25726d
compact_storage\L016.npz,24ce6b36478c04788b86d99bc9a0bd756f8b8db188e0d01121a2b345068b1886
compact_storage\L017.npz,0aa7001121c6755f644cf4a9be3886286aaf10fc075434f76ba0605bafbf3424
compact_storage\L018.npz,2d09c02e1d55d5a2a94529fd02de0cbd1bcf024441f91f0d157db66d49708b00
compact_storage\L019.npz,775aa6b4a47a9c2684a669e6d097881cefa50d426affbcc78f8b39fc01afcff9
compact_storage\L020.npz,962636f1697c9235340678b9218b6a5f497f000f7928708f77ad9dafbd17398e
compact_storage\L021.npz,9db5269a8255cc392d5065e8f94ce6cc356d25a184a056c7fadb3d2c9c57b953
compact_storage\L022.npz,c84f989cb9101a09aab1f9ab3b428d365c03e4226b79381a722f0b88f0307948
compact_storage\L023.npz,3dd9f2890072068e549c02ed8defbe4254198acfd97e04dad44b33bef5248707
compact_storage\L024.npz,b10e8593b4cdde44e1ff5c3740b8ae2888016aef3b5217a9096220fe6d29bcf8
compact_storage\L025.npz,cd00714d4668c899d216f3943ece29bdc57c6f059d31f15fc89a5ea6ef12b9b0
compact_storage\L026.npz,36f98588a40cf5d896b5a9de87efcdf66425e77922e96310e60eaa712b5a1840
compact_storage\L027.npz,d33e765da523e3eeacfb50c54dcaeb6fbfa71792d3fd631d52ca6c2c1ab606f5
compact_storage\L028.npz,8c39af067eaba1064a809774018f7fb98783fd400582aa5d8e0ca694082037de
compact_storage\L029.npz,4634d0bfde8003d75f742aea975b97a122d1a02e527229896b8434cee9d55e8d
compact_storage\L030.npz,8fbd6dffedc259a57ac47e77dc6f7d6a1f1aafd23726ca94d67364f3da069264
compact_storage\L031.npz,fdb320b53d90f69ebefc81402530c1c8023969d585ceb867df2d15f91649187c
compact_storage\L032.npz,aa131e16963166c31dead4131e36e94b0c2e4d312d0d9543bebe9225b6988ce8
compact_storage\L033.npz,53e70c5da06adbea8c54e3601f4a1f00f574e2970d3e7bbff5cf4daf76026217
compact_storage\L034.npz,d54e80be6fa1471fc1972460f5d4130fce5182cc8ec5cb6f6048a9e3524b3b75
compact_storage\L035.npz,7a1e28d2eb088313027947e4ca617b246b566bf5a226089621c1bf4d0f3c832b
compact_storage\L036.npz,fae553b35a26bdc44cb2ab3f9828e825305324fd9ec87a5ae92337ddd21e5f14
compact_storage\L037.npz,7abfb288b27a11f75b5131487ce0ec2fec18e46daf51a878d47ccb4dfc3d3608
compact_storage\L038.npz,83ea451a069ae0af265b69aa065adc88614ed008b055206044b0d7e1cdf10e38
compact_storage\L039.npz,0e34ce746e79824dfde3ee96ec0c0a5a29d3d972c6adebaf7992f02c72f2542e
compact_storage\L040.npz,bf3ab5397e4796caa349399bc70d43c83f6f92f82cba5d4232caa106c58a906f
compact_storage\L041.npz,1bb5401de0932ba7c52b2a1b5fcdca2eefda1feb82c5eafd2f6629b1cb333820
compact_storage\L042.npz,20cd00fb51699c67c067cd08e3e0ed2cd43acf92b3268e0f9b020709b40a6791
compact_storage\L043.npz,c5cfbed32f442259eea578bdee8a288f0e9c009f2850c8f8f56e7c637b765b90
compact_storage\L044.npz,d511341216d519858db9c1c5ec4925f10586ccc56ffac489cdafb3dfe3d9ac92
compact_storage\L045.npz,c83dbafe207cf1b3e529ff7a19bf69c90bf48ce3e978de3a55997f9b1afbe00a
compact_storage\L046.npz,d52b383aa4e233121a59b87a875faf1f8246beebd192b58bf6c78a631493ec1b
compact_storage\L047.npz,0de84cd25e0fdc308d347364e7cbe2de5ae98fe627e11a0311c9b5ff6533b01e
compact_storage\L048.npz,0dc3b2e3d92d0075b0acca7452cecef00f8faeb6a89f5cc54108593cc1360031
compact_storage\L049.npz,ed4d7b0d02db0a92ea122c5c11876795f026f61643a30dbacadea042455f73ec
compact_storage\L050.npz,8b3aa65af47eedb4a49de50ffd9d53fa595b13fc54583fc1b4979c7c439b377c
compact_storage\L051.npz,1886cb1eb0cd8ea291f55986a53bbf8315e8e61fca874f63062c68747ad84307
compact_storage\L052.npz,87d75adec539736c8ea52b443cebf3d50bc84b6f0ae6117a9bd342cd7971d713
compact_storage\L053.npz,fdb612d71e54656eebf88d707ce254c093148ba30d093e542c95e1275239b5d1
compact_storage\L054.npz,7ecf0446ad4288c64ca57805003dd70abf77372e4398c23ff20400c88b884483
compact_storage\L055.npz,81ff9fb37461cf0e6f5977b188663ad640a4de8c1d5e332f1a917bd148f78136
compact_storage\L056.npz,1e4b011a6eedf477ec27544745bdf422b21ee64f2d401753bb621ac6b9a6f39c
compact_storage\L057.npz,2c62c3de28a5c55a48ad49a30ab50ce7cb023b1a5147b2c377cf472a958ae2d7
compact_storage\L058.npz,522f89a520e550c4378264de7ef12cefc069b9a344a880f50d61aad2934a981b
compact_storage\L059.npz,da25853cb8f0bf08301a2ab00394a6c4ab9789620651cfe32e48e6af4b3b8ca7
compact_storage\L060.npz,fbbaeb4e97681390b1514e6177372b0ac9afe445ef4f97be9921b7b0855cfb4f
compact_storage\L061.npz,4a9eb76dfb51b9b9cbe810685ce8c22c6be99f95ca9d8d751c9ec0d5fdf7a54f
compact_storage\L062.npz,e5a9eb2c96bad1b76b199ed5175953b357db685001adfdf730a9348904d0b2e8
compact_storage\L063.npz,c574e6918d5899349d302ddfd66a82416ffb1ca4b4199eda8786059af2b61dbd
compact_storage\L064.npz,4481a3e622585a0f0ff0976cb6f28d0dde44eaa19117b1738d26a9095c43c0cd
compact_storage\L065.npz,0ff33cab3d806618ae2e8923d317b4c21cc11ed23d8e2f81158b6be264ec78a1
compact_storage\L066.npz,e7ee49de247ae07d775430019e0f95c3c4ad26421c3b83f6131d64f92476d510
compact_storage\L067.npz,612d0f3b9485cdb5757f3996cd8d993127bfebddd4bb84defb961ee11a14fbd4
compact_storage\L068.npz,2e41aee76217c338c835cbc3ac72efc9c6af89b67300b8696cf4799acbb14db9
compact_storage\L069.npz,d9a45af04bdfdee331e764b5299bee89b92c4487c202d8d807ba0cc3c4c37d4a
compact_storage\L070.npz,e68b5665dae96b6e936dbc494f1625969691de4f7d623890c093c6864898e36d
compact_storage\L071.npz,807dbf8482c0aa638cc147f83c08ffc77e5366e1d990c88b2353a4514afa5d73
compact_storage\L072.npz,d07e95b93a020268476da4fd73512ce8dbd55dc4b90f543afd558e01ac3e2e8b
compact_storage\L073.npz,7d6341508f4ccc86f7484ea9fc1f6bf1f4d3fe5f7a4c155916766b55396c1e8b
compact_storage\L074.npz,619b0205df6981d53085031a73eb141288a4f8090793d84ac62ac2051ad79236
compact_storage\L075.npz,1eb19b8033ac676c4ddb9d826ad2c0bc0fa1adf67cd93a5432588a378bdbc509
compact_storage\L076.npz,f42a97f2cde5eaef4f8fdfa9c3b1142c4e9622820f37065e6ca490925cdd06cc
compact_storage\L077.npz,2e984c188760343ee8ed84528961bd5decb3f47478fb4dc8e35c7ddb9c57b875
compact_storage\L078.npz,c40c0bfd58548c85c4262a05a400e2a8f6ffe4149cc8f9b3e7d186dce9bfa51a
compact_storage\L079.npz,4eee3f262ad4c53482db15e7c6f7d0ddf9916d60d4888e1d53bd0bdf19dba630
compact_storage\L080.npz,87c3651f13df0c7eba822775b841aa4c615ec3cc1b884a8e5226cae21bc0b311
compact_storage\L081.npz,497d3b323959059485cedec072724ff1e80851d39af85c5fb64993a4bfcdb941
compact_storage\L082.npz,1991d9a4a3ff0b5c66a84dd0565b702df7c5d29b8fb32e6f65cb81e06e2c6a9d
compact_storage\L083.npz,8d663b7d2c9151366a8dead66bc9b358d2c38c2b8c26c0c3fdac10bd1f8118c9
compact_storage\L084.npz,c95ac5159f05ef659bb1ccf7fcbaf19266cc78a6d8e5fd28b4cdae2e099644c0
compact_storage\L085.npz,34da0a6e0d4b72a3b50d1b216b7fce1dc3178388d2cc2e0beaa8afe7ff46eed1
compact_storage\L086.npz,395d3f2e9d79c7b20daa6c1ff8d46a8e04079331f275d5e3c0d5e32eb3a64ca4
compact_storage\L087.npz,c08d188919595680119593e59c138e16ba0e485541d50230d12af2dc40938626
compact_storage\L088.npz,f85e0e1febbefc020c63b27c67be88940a9e6184d1ee20c2bf2b0fbe4ef17f42
compact_storage\L089.npz,ab81d95792738bbe1b7327e2041af79d3c4314ade5d179f33a99743012941a5a
compact_storage\L090.npz,0258400b7835de875ccb28abbb1fb482265139e104031064ec27b83df4c26826
compact_storage\L091.npz,02a61349d17e0e453d5bfc8cbe9f669887c5b3dd37ceb8051dcf240c3971313e
compact_storage\L092.npz,0266b50cf73b07b8499c291f0d1db94c68b660684bb359bc087c3fca0683ab8d
compact_storage\L093.npz,ff9cee10760d9a3b4b92e96bcaded3f5223369bd38909374d3e728470ce421b3
compact_storage\L094.npz,ad078c072f97882ca80702f660395b7a21ed54f9ae0239520f3bd97b82b9298a
compact_storage\L095.npz,c5009766ebae725c401c401600f42e1b0a9fc2f11cd71d316557d1a577b87e94
compact_storage\L096.npz,768bd9c3638c70beed26e83dca06c1ee21b6812293b1aa80d25d7232610ab896
compact_storage\L097.npz,04cd1f09f8a0a054ca088f1e546d3fe930fab80976e24718050128e0afc7fba1
compact_storage\L098.npz,7bc099eeabd271c54a0fcfa121259adf3e43379322b0b293b3624b2c3520c06f
compact_storage\L099.npz,bfb26f1ece443e15951842fb8f211373dfce5f8720606ed0d461817c0e19988f
compact_storage\L100.npz,7ea90837b87c2906411ebee4cee32484875460157c67a04300521c13a0b7a700
compact_storage\L101.npz,3267268767046ce6bdadd86d7a19bba760994adb5ea03ae1607180f7e60ed0cb
compact_storage\L102.npz,c1b6e41fa671803a5e283942058e3c6645296bf8872a7f48f92ee9537637645d
compact_storage\L103.npz,272cef68175ca3b69cd323fdbd670df6438e17cc21bab359074708ef8a208d0c
compact_storage\L104.npz,fc5c1b4a3d6be7444394fb3deee2ed5b7fece9d9ca30c34fe89dd968d0ef65c6
compact_storage\L105.npz,7e109eb978a24ee2a9faa13744a2ada071b112ec9406a7b8ba9ea6b037761191
compact_storage\L106.npz,b6a3fa7fb6a8d392c0e5545d3a7e6cb3c066548b98eb1b9c0478a7012a7c71ae
compact_storage\L107.npz,0790c6f37b713dcf43fec7c1a37da498782ce1c06654b58c05503d61804352a5
compact_storage\L108.npz,b55dd8568a4068a1d22361b406d40549139d44b2f9b13c58f44771083601fdd7
compact_storage\L109.npz,be887e9b23000dbe4444223dfcce859908665f1b8aa55dde59f085b48ed0437d
compact_storage\L110.npz,24e0ec345dae6a3aa3c800d748e9bda6b655caa5f6d88716ff51acc5bcd4c263
compact_storage\L111.npz,cb0d363280934a0f1bc82351cddcb76b449e20912418c162639a0ea4185b81b0
compact_storage\L112.npz,c99339a5bfe24ce3964b2fef0d44d6fe479cbc4e5a1fa8a9cd6bdc48f6321d42
compact_storage\L113.npz,f241eb876243efae3f521c1e772900c21b808c5c56c780aba5be5c722537fdc9
compact_storage\L114.npz,386a047731fe008b03c4a37e54aa381d6cd8b5f85cf345c07d2fc1c9e3df8759
compact_storage\L115.npz,18259d27de83f6e5b4afeb72c68e2f939c25059b17784171c77a31ddf6442ac0
compact_storage\L116.npz,d96cd50a09d0a2e4ba26a2b5c6ebe03362ee1400937dffba85741a94685c4760
compact_storage\L117.npz,371762b8f7550db96f4bc77c47d1fd8dc6db7981f47c7c45e825a55022ec80c8
compact_storage\L118.npz,23d6a05d5fd67b8ee57e3cceedd79f683339256eb3302904872c931f8d2c75ff
compact_storage\L119.npz,95cda2bb0ec664163145a2d702fc22bd57e1f7d3fa39f927c5b73ef436db28f6
compact_storage\L120.npz,575e237e6c364acc888edf46064113fa382fc19e2cec0f1de5a3be0b682eefcf
compact_storage\L121.npz,53c9b72729ef12aebf7adfca961c15ef9d0d148c4de226d289c41b72240c85a5
compact_storage\L122.npz,0660a64591f9055d4d9fb032be8a2445dc47a5ec4849355cf16f5ff161444722
compact_storage\L123.npz,b92cf8bbfaaf90a4182b3396a1c3a2820e5e5628029f4c18f761303e5b5e0b2d
compact_storage\L124.npz,a497bfba6a34a6747e5c2c10b04dffada39a3d480df6657497cda95d13a46008
compact_storage\L125.npz,d2792718c7ab22e3e6b37dbcc95ff95d2c92eecc9e2ab3bc93200b94ea4f243a
compact_storage\L126.npz,6c738e0cfa78bb4ad9290360e76e124b453db2840d12b171d91a454bbcadeb52
compact_storage\L127.npz,d2cdec578f8bc4026792e1dcd175abd9d18ff38a5d9834680452017d0bd0b4db
compact_storage\L128.npz,90443192161ba161b683b253ab6fc02a13602561d4705f47c4df06483155d64d
compact_storage\L129.npz,b7eff9c5fa7770a18ac5c8a59b7c0d9583fa0593711919958ebaec9d04b1ad6a
compact_storage\L130.npz,c3ef757f6a898beafb0a7ba511bacd20cf51538d36f858be42dec23e0a3bb0cd
compact_storage\L131.npz,442ca412ad085fca70b1d6d9b90f9e5f3302d0c12b4fecebc8cfa064ecaa38a8
compact_storage\L132.npz,83a6ab6ae4d03014b1672ace1da243577475b8a0055889e32623ff654826ec65
compact_storage\L133.npz,2050bb7f3da2c048a267769d2db424607ac5b6db9c46bcec3dad7ee01e64eb87
compact_storage\L134.npz,40666e5d7b2dbda3eb32e661823b68c8650074b26c77a48df79ee67d69c1985a
compact_storage\L135.npz,ba87ec9bb7073c4baaced173f40025bd93fbbdc66e350ee5469373f10c420192
compact_storage\L136.npz,e1c1df809126cd79651279fb8729c1936d5c2e19b98d6c7d3280e70d564c67d6
compact_storage\L137.npz,bf9be4ee64d3adb502111c6edcca9f2f8a3bda99c1167e35a845278d54ff7f01
compact_storage\L138.npz,6bb04eb03290b8bf748f07acf7b93fe4bf2d37ff4dc3fbbd8066bb5dad1b078f
compact_storage\L139.npz,a8353ba8d290af05e4e4693fc50e39cfd1f64a69fd27bc3df0d807714d0686df
compact_storage\L140.npz,33b0d2b46431f2a0fba7b15d1bf369b2be867323ec64605d83b54e977d296ac6
compact_storage\L141.npz,a8080e2dc233ca260a04a5eea4fc230854174e9d5d6e44dca75d51b42a8616d9
compact_storage\L142.npz,802aae1de644fe3704077c20ef8d460a28bd68c20104d136b4483089f7111d50
compact_storage\L143.npz,83c52edde2266cb4bf68c45d3c30249e3f05a10309854f3949b2d660fba37099
compact_storage\L144.npz,ac6a5f2abe713cac13f762d185b2418da9c8473a1d0202a137de15df0ba21b86
compact_storage\L145.npz,aa13de82aef0a04879e73e4547491d1315065d6cad5b1098be2edac28bdd1d49
compact_storage\L146.npz,e358754c0aec6316e03d442ad627c82018f083df8536febe92314a951747d6f7
compact_storage\L147.npz,7d6bf603ee87bd1affb6c1215e577183932ca78ee7d57953fca7cc96c9df631a
compact_storage\L148.npz,820f82d448f7e31a4073bfa6da18be6a180d92e5d105ab2151b9f12d0c719c29
compact_storage\L149.npz,511e001c38208ab5d786e07b7270c8b47f674aa7dce2b50aa5ad6e8f1e9ef79d
compact_storage\L150.npz,afcc9c2984caf8978bbfaf5771576fc7c565ed58399a99e556a6ea6cfff98e4a
compact_storage\L151.npz,81eb0639f48ce4701f5067e93e85141357c840e2fcfe55e368569dd4f51ffdb8
compact_storage\L152.npz,91cc1750626caef6896b2b5db5bb62a88dab4699e533fc7620afa045ad4371e0
compact_storage\L153.npz,0d24e505ec4bab9f7fd5c81712dba610c9df61523df914254623e398421655bb
compact_storage\L154.npz,9bac2432cbe12ab1bc2f543ec61c01f0b8fb6a369b3dbd6b89d58da0366a2213
compact_storage\L155.npz,c24747367baa87448a5f475dc55162f2520afe8e5aaccbf1972c1d90f4d7dbf6
compact_storage\L156.npz,47d890fc5b2c3ccee31ce8564d076dc4818bd1a9fc3dad9398c51c302de13d23
compact_storage\L157.npz,4b7cfbbb514dc870662f04df59dee8aeffed40565aee4f656978c3b50d898a35
compact_storage\L158.npz,45c162f76f5931fc90bb41beb035bc370cba8f9250f4a65bf3971c9d641539c5
compact_storage\L159.npz,cd95d9bb6e36a218e266a4b1634c0ddc4f1a5276759f24dacf3ab321647585da
compact_storage\L160.npz,2c4b2b17cf63df2840e2938110826d8fde1b1a06a8c651a23bc814c400da2bf5
compact_storage\L161.npz,52606ea03e8b2c70b24cc7f155e22608ab86db22703095fdc28eb6204e468232
compact_storage\L162.npz,56139d80877d36e41a1cd0fb29ccee0829fbdc7eb96a580c41ee5a200fb8b77b
compact_storage\L163.npz,65921477b1d733c966479bfadd6dc8590594cfd827f6a891d18bffa75f7ebd76
compact_storage\L164.npz,b093e83d95cebd8b004a07cbc7b54d6d3fecfa2431c3b21c213bb5ee250be02c
compact_storage\L165.npz,738bc4c8b3688e2deb080f14b33530017004a00c789fcda684e36ac497170bc0
compact_storage\L166.npz,17a07a5854eb6d666854e2e2cf03060cefed9c02a8605835246460159cfa8161
compact_storage\L167.npz,00a415f59dcffa15d937f60fb8e1d913edf0f0c08a653187a7d97367115aa545
compact_storage\L168.npz,bed91a736daa0f4e3063f54b47f5793a0de078a83554d118f5df22e2e7960885
compact_storage\L169.npz,145b58177b5bfc50c2c1ca99d47c56b6a7bfc2f2bf0580c12f98ae086570718b
compact_storage\L170.npz,0c9d7eaa6df3b1b693ea778e830a9dcbabdfa899339b5b5da5453a8dde4edcf1
compact_storage\L171.npz,0fabf7ed7266e391ab4d66d3bb891e7c9a85a6136acca660059d5ef601f8fb0a
compact_storage\L172.npz,08065eadd1b3f485cc538851c2df5437fefe40bdf5a6265d6272c5ea6779cfa8
compact_storage\L173.npz,c568da12e632e8484af06e31a1808c0d7e5f2abce52f1501aecb068f22f90f1e
compact_storage\L174.npz,51ef33946f05921956591d99c297d5e0c97b301a971b453d84bfd4d185b4d6c5
compact_storage\L175.npz,792c4823a38b1f1b0cb7e81a1103c7c56b10f6ed654869345bad53d889ab09ba
compact_storage\L176.npz,46066fd2448673e15e45f74171e3f5c50276f0604fb4820f791d84ed5f250830
compact_storage\L177.npz,534e9b414c97be7c108c2e4eb42a15bcc5e4e1d3da989b9e84302fe1409aaa45
compact_storage\L178.npz,96b06560322bfcab9c6dce6751af97b0f4642bd33153d0600601d8293bcabac6
compact_storage\L179.npz,bdc891612191ef526ae3d1a98e245c717a354d4085e1823fe00075b8586af9b9
compact_storage\L180.npz,dc5fee975db3161d9af95e188b821cd02989c6bb71b28695f40f109efeb7997b
compact_storage\L181.npz,30526cfed535c583e5ed5faf98cdaa0f36906f36db7307ba944786e5b2b71677
compact_storage\L182.npz,a51e8191c1b6e057f289a63acc852954a7de7751e3c168b1a8b23ea1f9f4065e
compact_storage\L183.npz,0cc70e82e6fc33d7678285ca9353ce59763cfbab2607253f44b7425a727c6f79
compact_storage\L184.npz,ad1460c20365ce6878369b836877e298a36e4fbac70a48e1989f28cb5d19362b
compact_storage\L185.npz,2752dc4872b5c45df64497cf80d6307f324b7cae38c7841ed0a6dfe241360509
compact_storage\L186.npz,b9e05dd67728ca09d0573dddec0093fefc5d001644026b5b80e4365ce3e6985d
compact_storage\L187.npz,d59e7a7bed6400de047182df8abbd6d343b0545217f37b0c885fa15e50f3d583
compact_storage\L188.npz,6d4ec62016c5f970a8c7efc4a88dcf6e8bb22e01f3cefc81d644fa9d4c1501a1
compact_storage\L189.npz,857003a83bf0c975e8e86579670e1c1ab220a9b0ac48e33b3c07ba737062798d
compact_storage\L190.npz,de9ea1380d6e33315666c94d136ab5c868b30e452a988a129a8d9324d1cfa128
compact_storage\L191.npz,7fb17cbf3fdba39b2b86ff49c1c1f1b17952ee0d497d97e5fb6c350e3f984b3f
compact_storage\L192.npz,37b87e8c70de919c2b3b928882699e454f2de8406e7937e01d9afed53966c0e7
compact_storage\L193.npz,20de31656b4540a64763929accf4bf8ee5738e2c77f46baea7eb7a3f73eae12f
compact_storage\L194.npz,7818e3f984ac5e078bf0df47e212db5b7da43fba7f1e74ecc48bcddee3ccc967
compact_storage\L195.npz,62d0711207eebb9cab4928db8028d818064f4b045401aa89d2602d02e1c01eff
compact_storage\L196.npz,b25fd275d66aa7e10d4eed8893cd3d4ed5a48197fe38768d9bcc06315943bb45
compact_storage\L197.npz,1b8ec09220ef69aa13723f787af4fde6173af432499b9bd66a79e648747864bc
compact_storage\L198.npz,aea069836f07dbfc994308213023fcfab3ce23ad770653c4a866882247c64140
compact_storage\L199.npz,2b57c5d25dbf6b9852ebb71f8436a4f8b93b22c0d3eda8df9903e732f026b152
compact_storage\L200.npz,599d81871701534fda19b83e2a2d8dc4afdf48fec71553485fbbbcccaef41e92
compact_storage\L201.npz,0a422f737acf20a4ce0e82e5e590b663bf6b6d3be71447732368d6b12a6ac196
compact_storage\L202.npz,edf0c8de575e04e431a43c1c5d6bac669ce6bd68d374f13dd879fcfd70629967
compact_storage\L203.npz,227a08efaeed1d99c8d7f82b8cf01e19c54ff6e70e23c530f12adcf2aeea6b1c
compact_storage\L204.npz,f8c3b002c64ebc5c4cb7101f3f72b021f0ce554df06b91fc8be1739d72ce3aa3
compact_storage\L205.npz,a963988735b3799c8c892372eccd90cde9f56fc1bef5dfb4e122ee968c1d5e96
compact_storage\L206.npz,6c0ef7e70e1a15a41ef889c9d445cb6d33cc1fb85362257d37df93b592c00716
compact_storage\L207.npz,07e1fb47968b74976f3026b342216267732c5257e89a546bba270ec340459e48
compact_storage\L208.npz,66314aef4b7fdff478946505420877c5e8d649b00ed8aaafe23fb313295bc3c0
compact_storage\L209.npz,97f4666874d769afee9ddf6783cbcc22e95194b1a8acaf7c1d019e94aceb63a7
compact_storage\L210.npz,61120757950bbf8ccb908867d27a9bc61efeb8eef5c4e996c776407afa8bb004
compact_storage\L211.npz,9bd1bb2275652ea9f3560fa501ad19d269d60375f9081807687d38e3a8c6f54c
compact_storage\L212.npz,f5e6a4baf802debb5323f2426c7018bf9e9934e0baa13b95c4debd2c2d23f183
compact_storage\L213.npz,3316ab392fcd4234ecc6e71ef0f583ddf67275b49cea3b10a569c657389e2579
compact_storage\L214.npz,2d102f03b54fb216e39c61d3b39cef863f9cded36198c196b31a20eab7efdc7d
compact_storage\L215.npz,89d8eac2f7d3ccb50459f8f96270ce9aa02166615f2ad417fb122a436f16aee7
compact_storage\L216.npz,511ef529aafe95fd2fa2a0dbc622d0635168bbc551e0936914f4208bc8cd0458
compact_storage\L217.npz,f3ec78d390882cf979726e866db16e3ea9ac49a0512b6e6c99ba8d207d52fc56
compact_storage\L218.npz,87d149cb8f6111b436f0ca2b7cad19913811688ed2000d69722df9d214ab7971
compact_storage\L219.npz,79cc2fc3a031c9f6460cd6987bce5fe3d9e5c40f519f2e4adbf38b70d3d99f99
compact_storage\L220.npz,e47ea4c3dc690a1e324ed1d8f4582a12c140fb79eaea7c98dd6f3ce5cd014ecd
compact_storage\L221.npz,19183fedfe217ad7ea3de2878c59a8e8349b2da52f93b3e08e24ef441782e697
compact_storage\L222.npz,e35b50803dc99bea8ca1dbf27fbb5815ad644af2ca0c20e8176796ae4e51045d
compact_storage\L223.npz,a0f5983af28fd4c704ed0203f620d2b886387629c621d0dd5206170cba4050e4
compact_storage\L224.npz,52bf802cbcfd004042515dadc8ed50984936caa67166e73a2aac277e603d318f
compact_storage\L225.npz,0bf7a0d013a075c7e54a295ff1a9051d65491e8700fc8ad8886ae0e6210eae85
compact_storage\L226.npz,8ce8492db7a42343dddfd6287496a55260e60ef6bbcb7356165defd13a3024e5
compact_storage\L227.npz,6f60fe57df3f8b2bbe27cfc93c26afb2f92e518d692fd511b2a543d1a3faf10b
compact_storage\L228.npz,7186a0cb0dd58715696e909574fef14addfcefb2ffab5047496176814788bf5b
compact_storage\L229.npz,ffcbae9eb2353ba41ef946e0597840eb2a6966dba070625654820d9a22868bee
compact_storage\L230.npz,47f7e9d6e93558078deb21cc27921d1c1623b79fc3400c9cdb95c2be1bd1097a
compact_storage\L231.npz,7dcfd75fba1fa20405d369d737bdaaef945d4eb11eecaa5f2a57865f8439b916
compact_storage\L232.npz,190ea075df323df52605559415d8eb42f350121b136fec6b316bf9b637dfe612
compact_storage\L233.npz,7f8df53533e6b9e90d75049a2a8f0a4ee888c26f91420ad3c5a863dda45041ce
compact_storage\L234.npz,b5ad2b89648ff01075afbde1061ab1d7a5a9bda551e01fd0bb63be9c8852c68f
compact_storage\L235.npz,68f8324ee8037e1d9b5deded4510f8720edd9286681b073a606db7f603f4395d
compact_storage\L236.npz,bf45ef679a3dfdb9d5b351c09c66f2addff8a9e70260c75f494ae589c1034c72
compact_storage\L237.npz,9b25fe5fad56af42d2e2ac6ce64cdf0908955b8b538b9429b4ded8af151cd6e0
compact_storage\L238.npz,f647cc5857231fc49d2bd5d52f07fab76eff34abfc4ff268e0212253083f3942
compact_storage\L239.npz,bf211c01f5b14a06427bba0519eae5187550543c5766e49874597e2a7ad8b4dc
compact_storage\L240.npz,bc7ce31f15ba6d7d932511f53805f6d33234f8612ec2c53dc9a86501746a2827
compact_storage\L241.npz,fcc6a10003930e685bdadd4d191f4a0b285626d4fba45e63e0e0de0c3f7efb56
compact_storage\L242.npz,acd9f37251daf546eb17495e41b009b5ca918a9889c9f4f90e1276a3b21fcee3
compact_storage\L243.npz,e8d3321be608573a8c317b4e0d68e3c882e841529376518b50dafa19018acd04
compact_storage\L244.npz,814fad70c411fe9033290ae5e5872c512ade836bae45a08080b703a1012eca97
compact_storage\L245.npz,6b74ad9ca24f3e70d11876f1043f9c0a17eee69bdb193675d308178c23354b74
compact_storage\L246.npz,c63061d40eec6b002a71dba122226cb37be21fd8b9907c34dd476921588df4e5
compact_storage\L247.npz,b23a2f01c9a0c1fdf4d41bb75f5b947da11d55470a340054f4cb28d2dad989bc
compact_storage\L248.npz,b6b687284217f48e132204e527b5b205960a1b30d9762823f864b41e65ea698e
compact_storage\L249.npz,e537e57575a9d7fc91d46b12b6840748d072e69f2b3f27aa2f0c1e2c02105f5e
compact_storage\L250.npz,ff31b9110308a3b04220bc575a5b0673e81e04192cbd823652cabd962b2e96c0
compact_storage\L251.npz,f37e28b23452153ca239b47f4f78e2827aeb794e38fe7f95cc274f96d7fa8781
compact_storage\L252.npz,6e5dc2a161a94d4bc4a10cc19f029d1cdc8f1b07cec9dbedf266c42071e9e45b
compact_storage\L253.npz,4ba49b0c81cd6dbfdcef769a6bc2820e445df30449322d0c22d64d918959041c
compact_storage\L254.npz,740bad1c5341892802019efb2242b590045d29351acd712b096d156f1cba18b0
compact_storage\L255.npz,8256dfc7a94b7872f886d06061d9577eef5284c1b779057222f3d9b8382e78ce
